rank;Youtuber;subscribers;video views;category;Title;uploads;Country;Abbreviation;channel_type;video_views_for_the_last_30_days;lowest_monthly_earnings;highest_monthly_earnings;lowest_yearly_earnings;highest_yearly_earnings;subscribers_for_last_30_days;created_year;created_month;created_date;Gross tertiary education enrollment (%)
168;Spinnin' Records;30100000;19607009165.00;Music;Spinnin' Records;11501.00;Netherlands;NL;Music;100040000;25000;400200;300100;4800000;100000;2007;Jul;12;85
819;Geo News;13800000;5727888539.00;News & Politics;Geo News;190093.00;Pakistan;PK;News;100053000;25000;400200;300200;4800000;100000;2007;Jan;10;9
510;DeGoBooM;17600000;6306204566.00;Gaming;DeGoBooM;4702.00;Chile;CL;Games;100215000;25100;400900;300600;4800000;500000;2014;Feb;1;88.5
116;Geet MP3;34300000;12746535822.00;Music;Geet MP3;679.00;India;IN;Music;101357000;25300;405400;304100;4900000;100000;2016;Oct;22;28.1
450;CKN;18700000;12295637162.00;Entertainment;cKn;16.00;Spain;ES;Music;102;3;41;31;5;1;2005;Sep;26;88.9
200;Crazy XYZ;27300000;7705492350.00;Entertainment;Crazy XYZ;1259.00;India;IN;Tech;102235000;25600;408900;306700;4900000;100000;2017;Sep;10;28.1
686;THE BROWN SIBLINGS;15000000;8658553456.00;Entertainment;THE BROWN SIBLINGS;965.00;India;IN;Entertainment;102357000;25600;409400;307100;4900000;200000;2016;Oct;9;28.1
438;Calvin Harris;19000000;16014044618.00;Music;Calvin Harris;79.00;United Kingdom;GB;Music;102410000;25600;409600;307200;4900000;100000;2007;Feb;11;60
452;Shemaroo Comedy;18600000;6047584292.00;Entertainment;Shemaroo Comedy;4487.00;India;IN;Comedy;102431000;25600;409700;307300;4900000;200000;2007;Jan;31;28.1
492;MGC Playhouse;17900000;16174530046.00;Shows;MGC Playhouse;1426.00;United States;US;Education;102621000;25700;410500;307900;4900000;100000;2009;Feb;3;88.2
344;Becky G;21300000;10644857969.00;Music;Becky G;78.00;United States;US;Music;103171000;25800;412700;309500;5000000;100000;2011;Sep;6;88.2
226;Nicki Minaj;25700000;10242981063.00;Music;Nicki Minaj;42.00;United States;US;Music;103631000;25900;414500;310900;5000000;100000;2013;Aug;28;88.2
212;Alan Chikin Chow;26400000;27006526665.00;Comedy;Alan Chikin Chow;865.00;United States;US;Comedy;1046000000;261500;4200000;3100000;50200000;1300000;2020;Feb;3;88.2
773;SIS vs BRO;14200000;6973932553.00;Entertainment;SiS;60.00;Ukraine;UA;Entertainment;105;3;42;32;5;10;2016;Aug;3;82.7
550;CoryxKenshin;16700000;7102965621.00;Gaming;CoryxKenshin;1693.00;United States;US;Games;105114000;26300;420500;315300;5000000;200000;2009;Apr;27;88.2
436;Wow Kidz Action;19000000;8281724393.00;Film & Animation;Wow Kidz Action;1525.00;India;IN;Entertainment;105706000;26400;422800;317100;5100000;200000;2017;Nov;8;28.1
398;5-Minute Crafts PLAY;20100000;6119294270.00;Howto & Style;5-Minute Crafts PLAY;5491.00;United States;US;Howto;105784000;26400;423100;317400;5100000;100000;2017;Oct;30;88.2
657;T-Series Hamaar Bhojpuri;15200000;7564652648.00;Entertainment;T-Series Hamaar Bhojpuri;9862.00;India;IN;Music;105978000;26500;423900;317900;5100000;200000;2011;Nov;1;28.1
803;Jazzghost;13900000;5673347763.00;Gaming;Jazzghost;5494.00;Brazil;BR;Games;106718000;26700;426900;320200;5100000;100000;2012;Aug;30;51.3
836;JOJO TV - Hindi Stories;13600000;5141201173.00;Education;JOJO TV - Hindi Stories;1097.00;India;IN;Film;10764000;2700;43100;32300;516700;100000;2016;Dec;25;28.1
906;GH'S;13000000;8739174649.00;Gaming;GH'S;510.00;South Korea;KR;Games;1081000000;270300;4300000;3200000;51900000;1000000;2020;Jul;7;94.3
449;Triggered Insaan;18800000;3276891538.00;Comedy;Triggered Insaan;304.00;India;IN;People;109026000;27300;436100;327100;5200000;700000;2014;Jul;17;28.1
144;MR. INDIAN HACKER;31700000;5711208484.00;Science & Technology;MR. INDIAN HACKER;929.00;India;IN;Tech;109125000;27300;436500;327400;5200000;500000;2012;Jun;21;28.1
847;Vijay Kumar Viner Vlogs;13500000;7958771872.00;Entertainment;Vijay Kumar Viner Vlogs;1357.00;India;IN;Entertainment;109813000;27500;439300;329400;5300000;300000;2019;Mar;22;28.1
180;infobells - Tamil;28900000;17930570614.00;Education;infobells - Tamil;555.00;India;IN;Education;109828000;27500;439300;329500;5300000;200000;2014;Mar;13;28.1
514;Fun For Kids TV - Hindi Rhymes;17500000;7612385622.00;Entertainment;Fun For Kids TV - Hindi Rhymes;149.00;India;IN;Entertainment;109847000;27500;439400;329500;5300000;300000;2017;Sep;27;28.1
732;O Reino Infantil;14600000;11182302317.00;Music;O Reino Infantil;1206.00;Brazil;BR;Music;109865000;27500;439500;329600;5300000;100000;2014;Aug;19;51.3
417;tabii Urdu;19600000;8779729549.00;Entertainment;tabii Urdu;1306.00;Turkey;TR;Entertainment;110806000;27700;443200;332400;5300000;100000;2020;Apr;17;23.9
956;First We Feast;12500000;2983799729.00;Howto & Style;First We Feast;1076.00;United States;US;Entertainment;111252000;27800;445000;333800;5300000;200000;2014;Feb;28;88.2
319;Charlie Puth;22000000;9924807127.00;Music;Charlie Puth;157.00;United States;US;Music;111500000;27900;446000;334500;5400000;100000;2009;Sep;9;88.2
37;Marshmello;56400000;14696003229.00;Entertainment;Marshmello;436.00;United States;US;Music;112100000;28000;448400;336300;5400000;100000;2015;Apr;6;88.2
145;Worldwide Records Bhojpuri;31700000;16476978876.00;Music;Worldwide Records Bhojpuri;6518.00;India;IN;Music;112648000;28200;450600;337900;5400000;200000;2012;Mar;15;28.1
384;BabyBus - Cerita & Lagu Anak-anak;20300000;11819051552.00;Education;BabyBus - Cerita & Lagu Anak-anak;875.00;Indonesia;ID;Education;112768000;28200;451100;338300;5400000;100000;2019;Jan;14;36.3
563;FailArmy;16500000;3037260680.00;Comedy;FailArmy;438.00;United States;US;Entertainment;112986000;28200;451900;339000;5400000;100000;2011;Jul;5;88.2
690;KOMPASTV;15000000;11827310821.00;News & Politics;KOMPASTV;269050.00;Indonesia;ID;News;113064000;28300;452300;339200;5400000;100000;2013;Aug;23;36.3
388;Kiddiestv Hindi - Nursery Rhymes & Kids Songs;20200000;7274150246.00;Education;Kiddiestv Hindi - Nursery Rhymes & Kids Songs;226.00;India;IN;Education;113420000;28400;453700;340300;5400000;300000;2017;May;25;28.1
337;Tekashi 6ix9ine;21500000;5890180734.00;People & Blogs;Tekashi 6ix9ine;51.00;United States;US;Music;113542000;28400;454200;340600;5400000;200000;2018;Apr;6;88.2
678;Chetan Monga Vlogs;15000000;9924103188.00;People & Blogs;Chetan Monga Vlogs;899.00;India;IN;People;113572000;28400;454300;340700;5500000;400000;2014;Aug;17;28.1
30;Movieclips;59500000;59316472754.00;Film & Animation;Movieclips;39113.00;United States;US;Film;114668000;28700;458700;344000;5500000;100000;2006;Apr;28;88.2
66;ARY Digital HD;43200000;37939780685.00;Entertainment;ARY Digital HD;109871.00;Pakistan;PK;Entertainment;1149000000;287300;4600000;3400000;55200000;900000;2016;Jul;11;9
858;GMA Integrated News;13400000;9569814790.00;News & Politics;GMA Integrated News;296272.00;Philippines;PH;News;115459000;28900;461800;346400;5500000;100000;2007;Oct;29;35.5
124;Selena Gomez;33600000;13013567335.00;Film & Animation;Selena Gomez;188.00;United States;US;Music;115792000;28900;463200;347400;5600000;200000;2008;Feb;8;88.2
962;elcarteldesantatv;12500000;7489455451.00;Music;elcarteldesantatv;377.00;Mexico;MX;Entertainment;115881000;29000;463500;347600;5600000;100000;2008;Nov;27;40.2
588;LEGO;16200000;20522339099.00;Entertainment;LEGO;31889.00;Singapore;SG;Entertainment;117209000;29300;468800;351600;5600000;200000;2005;Oct;22;84.8
311;LeoNata Family;22600000;27084848152.00;People & Blogs;LeoNata Family;2321.00;United States;US;People;1174000000;293500;4700000;3500000;56300000;1300000;2021;Sep;28;88.2
504;Les' Copaque Production;17700000;9059696049.00;Film & Animation;Les' Copaque Production;1716.00;Malaysia;MY;Entertainment;117727000;29400;470900;353200;5700000;200000;2009;Nov;9;45.1
208;Netflix;26700000;7173668905.00;Entertainment;Netflix;6471.00;United States;US;Entertainment;118226000;29600;472900;354700;5700000;200000;2012;Jul;17;88.2
354;Rafa & Luiz;21000000;7762905663.00;Entertainment;Rafa & Luiz;2883.00;Brazil;BR;Entertainment;118410000;29600;473600;355200;5700000;400000;2015;Aug;26;51.3
27;Colors TV;64600000;61510906457.00;Shows;Colors TV;112915.00;India;IN;Entertainment;1188000000;296900;4800000;3600000;57000000;1100000;2008;Jun;13;28.1
299;Ultra Movie Parlour;22900000;5320485069.00;Movies;Ultra Movie Parlour;1670.00;India;IN;Film;118846000;0;0;0;0;300000;2011;May;17;28.1
694;50 Cent;14900000;10069000444.00;Music;50 Cent;419.00;United States;US;Music;119812000;30000;479200;359400;5800000;100000;2007;Feb;8;88.2
914;gymvirtual;12900000;2509752944.00;Sports;gymvirtual;1572.00;Spain;ES;Sports;11993000;3000;48000;36000;575700;100000;2010;Nov;1;88.9
213;PANDA BOI;26400000;17211600007.00;Entertainment;PANDA BOI;967.00;Italy;IT;Entertainment;1225000000;306400;4900000;3700000;58800000;2000000;2020;Dec;5;61.9
272;Enrique Iglesias;23800000;17688774915.00;Music;Enrique Iglesias;443.00;United States;US;Music;122914000;30700;491700;368700;5900000;100000;2007;Apr;12;88.2
241;TRANS7 OFFICIAL;25000000;14169516119.00;Entertainment;TRANS7 OFFICIAL;89179.00;Indonesia;ID;Entertainment;123189000;30800;492800;369600;5900000;100000;2014;Sep;4;36.3
435;SUPER SLICK SLIME SAM;19000000;7229175322.00;Howto & Style;SUPER SLICK SLIME SAM;903.00;Mexico;MX;Howto;123338000;30800;493400;370000;5900000;200000;2018;Jan;23;40.2
286;Sesame Street;23300000;22471357411.00;Entertainment;Sesame Street;3657.00;United States;US;Entertainment;124187000;31000;496700;372600;6000000;100000;2006;Jan;16;88.2
389;dednahype;20200000;20919403720.00;Comedy;dednahype;1935.00;Latvia;LV;Comedy;1245000000;311200;5000000;3700000;59800000;1200000;2020;Mar;20;88.1
792;Bie The Ska;14100000;4627069704.00;Entertainment;Bie The Ska;1540.00;Thailand;TH;Entertainment;12502000;3100;50000;37500;600100;100000;2006;Oct;3;49.3
111;Markiplier;35200000;20297931219.00;Gaming;Markiplier;5490.00;United States;US;Games;127329000;31800;509300;382000;6100000;100000;2012;May;26;88.2
131;BabyBus - Kids Songs and Cartoons;32800000;26355088167.00;Education;BabyBus - Kids Songs and Cartoons;2122.00;United States;US;Education;127498000;31900;510000;382500;6100000;200000;2016;Jul;15;88.2
467;Miley Cyrus;18300000;7760819588.00;Entertainment;Miley Cyrus;142.00;United States;US;Entertainment;127982000;32000;511900;383900;6100000;100000;2009;Sep;15;88.2
328;Dua Lipa;21800000;11288359365.00;Music;Dua Lipa;164.00;United Kingdom;GB;Music;128047000;32000;512200;384100;6100000;100000;2011;Feb;5;60
294;Kids TV - Nursery Rhymes And Baby Songs;23100000;13151870846.00;Shows;Kids TV - Nursery Rhymes And Baby Songs;3781.00;United States;US;Music;128448000;32100;513800;385300;6200000;700000;2013;Aug;30;88.2
117;J Balvin;34100000;23005313609.00;Music;J Balvin;141.00;Colombia;CO;Music;128696000;32200;514800;386100;6200000;100000;2011;Feb;18;55.3
55;Felipe Neto;45200000;16602198273.00;Entertainment;Felipe Neto;4331.00;Brazil;BR;Entertainment;130359000;32600;521400;391100;6300000;200000;2006;May;16;51.3
83;WorkpointOfficial;39000000;36131228583.00;Entertainment;WorkpointOfficial;72580.00;Thailand;TH;Entertainment;130461000;32600;521800;391400;6300000;200000;2012;Nov;5;49.3
693;A2 Motivation by Arvind Arora;15000000;8932038210.00;Entertainment;A2 Motivation by Arvind Arora;3168.00;India;IN;Entertainment;130731000;32700;522900;392200;6300000;200000;2017;Apr;7;28.1
564;BBC News Hindi;16500000;7043235131.00;News & Politics;BBC News Hindi;21243.00;India;IN;News;131202000;32800;524800;393600;6300000;300000;2009;Sep;22;28.1
100;Ultra Bollywood;36600000;15653786446.00;Trailers;Ultra Bollywood;9168.00;India;IN;Entertainment;131462000;0;0;0;0;200000;2009;Oct;21;28.1
317;FGTeeV;22300000;24059336857.00;Gaming;FGTeeV;1724.00;United States;US;Games;132110000;33000;528400;396300;6300000;100000;2013;May;24;88.2
292;TED;23100000;2551113422.00;People & Blogs;TED;4445.00;United States;US;Tech;13246000;3300;53000;39700;635800;100000;2006;Dec;6;88.2
568;UFC - Ultimate Fighting Championship;16400000;7135820721.00;Sports;UFC - Ultimate Fighting Championship;14662.00;United States;US;Sports;133208000;33300;532800;399600;6400000;100000;2006;Mar;4;88.2
849;Wengie;13500000;1900272833.00;Howto & Style;Wengie;462.00;United States;US;Howto;1335000;334;5300;4000;64100;100000;2010;Sep;9;88.2
800;ETV Jabardasth;14000000;13542939513.00;People & Blogs;ETV Jabardasth;9652.00;India;IN;Comedy;133584000;33400;534300;400800;6400000;100000;2015;Jul;14;28.1
57;HAR PAL GEO;44600000;41139050371.00;Entertainment;HAR PAL GEO;100755.00;Pakistan;PK;Entertainment;1337000000;334300;5300000;4000000;64200000;1300000;2008;Jan;2;9
59;Katy Perry;44200000;25458952022.00;Music;Katy Perry;128.00;United States;US;Music;134242000;33600;537000;402700;6400000;100000;2008;Jun;1;88.2
245;America's Got Talent;24800000;3699352704.00;Entertainment;America's Got Talent;1894.00;United States;US;Entertainment;134412000;33600;537600;403200;6500000;400000;2006;Jun;29;88.2
3;MrBeast;166000000;28368841870.00;Entertainment;MrBeast;741.00;United States;US;Entertainment;1348000000;337000;5400000;4000000;64700000;8000000;2012;Feb;20;88.2
789;Lana Del Rey;14100000;6884215292.00;Music;Lana Del Rey;43.00;United States;US;Music;135563000;33900;542300;406700;6500000;200000;2011;May;5;88.2
129;CVS 3D Rhymes & Kids Songs;33400000;20269857567.00;Education;CVS 3D Rhymes & Kids Songs;338.00;India;IN;Education;136084000;34000;544300;408300;6500000;200000;2008;Aug;26;28.1
611;MK MUSIC;15900000;9198986881.00;Music;MK MUSIC;5105.00;Brazil;BR;Music;136388000;34100;545600;409200;6500000;100000;2010;Jan;18;51.3
799;ViralHog;14000000;18917687143.00;People & Blogs;ViralHog;41117.00;United States;US;Animals;1364000000;340900;5500000;4100000;65500000;1100000;2014;Aug;22;88.2
72;Kimberly Loaiza;41300000;5603111948.00;People & Blogs;Kimberly Loaiza;291.00;Mexico;MX;People;136745000;34200;547000;410200;6600000;400000;2016;Nov;16;40.2
164;Adele;30200000;14199108016.00;Music;Adele;15.00;United Kingdom;GB;Music;137099000;34300;548400;411300;6600000;100000;2008;Apr;4;60
735;Noman Official;14600000;5525773746.00;Comedy;Noman Official;560.00;India;IN;Film;139116000;34800;556500;417300;6700000;500000;2019;Oct;28;28.1
636;Kashvi Adlakha;15500000;12714141740.00;Entertainment;Kashvi Adlakha;1525.00;India;IN;Entertainment;139123000;34800;556500;417400;6700000;200000;2017;Apr;9;28.1
318;Kinder Spielzeug Kanal (Kidibli);22200000;11136266461.00;Entertainment;Kinder Spielzeug Kanal (Kidibli);999.00;United States;US;Entertainment;139333000;34800;557300;418000;6700000;200000;2015;Sep;25;88.2
247;EminemVEVO;24700000;20531704527.00;Music;EminemVEVO;104.00;United States;US;Music;139443000;34900;557800;418300;6700000;100000;2009;May;12;88.2
468;IShowSpeed;18300000;1556003039.00;Gaming;IShowSpeed;1324.00;United States;US;Games;140261000;35100;561000;420800;6700000;800000;2016;Mar;21;88.2
235;WB Kids;25200000;11081602368.00;People & Blogs;WB Kids;2025.00;United States;US;Film;140319000;35100;561300;421000;6700000;300000;2015;Mar;31;88.2
29;Dude Perfect;59500000;16241549158.00;Sports;Dude Perfect;389.00;United States;US;Sports;141200000;35300;564800;423600;6800000;100000;2009;Mar;17;88.2
777;infobells - Kannada;14200000;6554000320.00;Education;infobells - Kannada;433.00;India;IN;Education;141688000;35400;566800;425100;6800000;300000;2014;Mar;13;28.1
619;DM - Desi Melodies;15700000;5914071870.00;Music;DM - Desi Melodies;79.00;India;IN;Music;141842000;35500;567400;425500;6800000;300000;2017;Jul;8;28.1
350;GMA Public  Affairs;21200000;11364908616.00;Entertainment;GMA Public  Affairs;31989.00;Philippines;PH;News;142317000;35600;569300;427000;6800000;200000;2009;Aug;8;35.5
288;Lady Gaga;23200000;15751661213.00;People & Blogs;Lady Gaga;172.00;United States;US;Music;143169000;35800;572700;429500;6900000;100000;2008;May;15;88.2
204;Brent Rivera;27000000;6570935979.00;Comedy;Brent Rivera;554.00;United States;US;Entertainment;144453000;36100;577800;433400;6900000;300000;2009;Aug;1;88.2
377;Jake Paul;20400000;7311322368.00;People & Blogs;Jake Paul;1006.00;United States;US;People;14646000;3700;58600;43900;703000;100000;2013;Sep;19;88.2
46;Billie Eilish;47900000;13626331061.00;Music;Billie Eilish;65.00;United States;US;Music;146862000;36700;587400;440600;7000000;200000;2013;Feb;6;88.2
786;Trap City;14100000;5129529846.00;Music;TrapCity;3.00;Australia;AU;People;147;4;59;44;7;1;2015;Nov;4;113.1
396;Pencilmation;20100000;11317309935.00;Film & Animation;Pencilmation;1481.00;United States;US;Entertainment;14862000;3700;59400;44600;713400;100000;2007;Feb;1;88.2
543;Bispo Bruno Leonardo;16900000;3523578665.00;Nonprofits & Activism;Bispo Bruno Leonardo;4891.00;Brazil;BR;Nonprofit;149543000;37400;598200;448600;7200000;400000;2016;Apr;10;51.3
768;ZEE5;14400000;18515587421.00;Entertainment;ZEE5;101401.00;India;IN;Entertainment;149799000;37400;599200;449400;7200000;100000;2018;Feb;13;28.1
579;Bollywood Classics;16300000;7141825267.00;Entertainment;Bollywood Classics;1444.00;India;IN;Music;151477000;37900;605900;454400;7300000;300000;2011;Oct;13;28.1
266;Preston;24000000;8279004442.00;Gaming;Preston;4009.00;United States;US;Entertainment;151697000;37900;606800;455100;7300000;200000;2012;Jul;4;88.2
730;PrestonPlayz;14600000;5766647017.00;Gaming;Preston;4009.00;United States;US;Entertainment;151697000;37900;606800;455100;7300000;200000;2012;Jul;4;88.2
835;Lindsey Stirling;13600000;3764608356.00;Music;Lindsey Stirling;199.00;United States;US;Music;15277000;3800;61100;45800;733300;100000;2007;May;20;88.2
558;SriBalajiMovies;16600000;9439857193.00;Entertainment;SriBalajiMovies;20102.00;India;IN;Entertainment;154049000;38500;616200;462100;7400000;200000;2011;Sep;29;28.1
304;Vania Mania Kids;22700000;10115316784.00;People & Blogs;Vania Mania Kids;985.00;United States;US;Education;155215000;38800;620900;465600;7500000;300000;2015;Sep;9;88.2
386;Noor Stars;20200000;2764127969.00;Comedy;Noor Stars;693.00;United Arab Emirates;AE;Entertainment;15556000;3900;62200;46700;746700;100000;2014;Apr;24;36.8
130;Ricis Official;33300000;5994136760.00;People & Blogs;Ricis Official;2736.00;Indonesia;ID;Entertainment;157101000;39300;628400;471300;7500000;1900000;2016;Jan;15;36.3
159;AboFlah;30500000;4521573939.00;Gaming;AboFlah;641.00;Kuwait;KW;Entertainment;157908000;39500;631600;473700;7600000;1300000;2016;Jul;28;54.4
373;Mnet K-POP;20500000;15038593883.00;Entertainment;Mnet K-POP;33229.00;South Korea;KR;Entertainment;158540000;39600;634200;475600;7600000;100000;2006;Mar;9;94.3
188;Michael Jackson;28200000;14412474625.00;Music;Michael Jackson;15.00;United States;US;Music;158591000;39600;634400;475800;7600000;200000;2005;Jun;22;88.2
86;shfa;38400000;21528116909.00;People & Blogs;ýýýýýýýýýý ýýýýýý;982.00;Saudi Arabia;SA;Games;1589000;397;6400;4800;76300;2000;2018;May;24;68
67;Speed Records;42500000;26820902622.00;Music;Speed Records;10938.00;India;IN;Music;159757000;39900;639000;479300;7700000;100000;2012;Nov;22;28.1
43;Ariana Grande;52700000;24004842608.00;Music;Ariana Grande;147.00;United States;US;Music;160216000;40100;640900;480600;7700000;100000;2007;Jan;22;88.2
343;The Royalty Family;21300000;6269945014.00;People & Blogs;The Royalty Family;733.00;United States;US;People;160227000;40100;640900;480700;7700000;200000;2017;Apr;13;88.2
342;Sidhu Moose Wala;21400000;6264261757.00;Music;Sidhu Moose Wala;114.00;India;IN;Music;160690000;40200;642800;482100;7700000;500000;2017;Oct;30;28.1
842;JULIA GISELLA;13500000;5380132790.00;Entertainment;Julia Gisella;19.00;United Kingdom;GB;Music;1615;4;6;5;78;130;2015;Mar;24;60
209;Raffy Tulfo in Action;26500000;15065753455.00;News & Politics;Raffy Tulfo in Action;10022.00;Philippines;PH;News;163130000;40800;652500;489400;7800000;300000;2016;Apr;20;35.5
84;GR6 EXPLODE;38900000;25154232306.00;Music;GR6 EXPLODE;3043.00;Brazil;BR;Music;1635000000;408700;6500000;4900000;78500000;100000;2014;Aug;5;51.3
726;Doc Tops;14600000;2613197447.00;Entertainment;Doc Tops;490.00;Ecuador;EC;Entertainment;16409000;4100;65600;49200;787600;100000;2014;Dec;29;44.9
224;David Guetta;25700000;17793809548.00;Music;David Guetta;749.00;United States;US;Music;164215000;41100;656900;492600;7900000;100000;2009;Dec;11;88.2
612;Unspeakable;15900000;9052367553.00;Gaming;Unspeakable;796.00;United States;US;People;164895000;41200;659600;494700;7900000;200000;2016;May;1;88.2
16;Sony SAB;83000000;10100000000000.00;Shows;Sony SAB;71270.00;India;IN;Entertainment;1657000000;414300;6600000;5000000;79600000;1100000;2007;Aug;4;28.1
140;StarPlus;32000000;26800674545.00;Entertainment;StarPlus;44892.00;India;IN;Entertainment;1667000000;416800;6700000;5000000;80000000;1200000;2006;May;19;28.1
643;Mrwhosetheboss;15400000;3736069980.00;Science & Technology;Mrwhosetheboss;1577.00;United Kingdom;GB;Tech;167697000;41900;670800;503100;8000000;400000;2011;Apr;20;60
632;Infobells Bangla;15500000;7776706184.00;Education;Infobells Bangla;359.00;India;IN;Education;167888000;42000;671600;503700;8100000;300000;2016;Jun;13;28.1
18;BANGTANTV;75600000;20826993957.00;Music;BANGTANTV;2281.00;South Korea;KR;Music;168290000;42100;673200;504900;8100000;400000;2012;Dec;17;94.3
454;GRAMMY GOLD OFFICIAL;18600000;20196704276.00;Music;GRAMMY GOLD OFFICIAL;6287.00;Thailand;TH;Music;168597000;42100;674400;505800;8100000;100000;2014;Jan;15;49.3
301;toyorbabytv;22900000;16298342829.00;Music;toyorbabytv;1159.00;Jordan;JO;Music;169056000;42300;676200;507200;8100000;300000;2012;Nov;1;34.4
252;Like Nastya AE;24400000;12385924995.00;Entertainment;Like Nastya AE;658.00;United States;US;Entertainment;169865000;42500;679500;509600;8200000;400000;2018;Dec;19;88.2
938;YoungBoy Never Broke Again;12700000;13174393401.00;Entertainment;YoungBoy Never Broke Again;142.00;United States;US;Music;169968000;42500;679900;509900;8200000;100000;2015;Jan;4;88.2
22;Zee TV;70500000;73139054467.00;Entertainment;Zee TV;129204.00;India;IN;Entertainment;1707000000;426800;6800000;5100000;81900000;900000;2005;Dec;11;28.1
663;Daftar Populer;15100000;2143140898.00;Education;Daftar Populer;3810.00;Indonesia;ID;Entertainment;17231000;4300;68900;51700;827100;100000;2017;Jan;16;36.3
193;toycantando;27700000;15777682516.00;Music;toycantando;619.00;Colombia;CO;Music;173836000;43500;695300;521500;8300000;200000;2009;Jul;7;55.3
871;Just For Laughs Gags;13300000;7406628736.00;Comedy;Just For Laughs Gags;6916.00;United States;US;Comedy;17468000;4400;69900;52400;838500;100000;2007;Jan;14;88.2
314;SSundee;22500000;13835173331.00;Gaming;SSundee;3315.00;United States;US;Games;175094000;43800;700400;525300;8400000;200000;2009;Nov;28;88.2
98;Bruno Mars;36700000;19378155425.00;Music;Bruno Mars;99.00;United States;US;Music;175243000;43800;701000;525700;8400000;200000;2006;Sep;19;88.2
788;Yudist Ardhana;14100000;6036496916.00;Entertainment;Yudist Ardhana;2854.00;Indonesia;ID;Entertainment;176062000;44000;704200;528200;8500000;400000;2016;Jan;6;36.3
20;Justin Bieber;71600000;30608119724.00;Music;Justin Bieber;249.00;Canada;CA;Music;176326000;44100;705300;529000;8500000;100000;2007;Jan;15;68.9
61;ABS-CBN Entertainment;44200000;50292540392.00;People & Blogs;ABS-CBN Entertainment;193890.00;Philippines;PH;Entertainment;176629000;44200;706500;529900;8500000;300000;2008;Jul;16;35.5
989;Caylus;12400000;4779139505.00;Education;Caylus;1340.00;United States;US;Games;177600000;44400;710400;532800;8500000;400000;2016;Apr;6;88.2
269;Diana and Roma EN;23900000;7213499085.00;People & Blogs;Diana and Roma EN;511.00;United States;US;Entertainment;177769000;44400;711100;533300;8500000;300000;2011;Dec;22;88.2
845;Sanjoy Das Official;13500000;3912334359.00;Entertainment;Sanjoy Das Official;1793.00;India;IN;Games;179232000;44800;716900;537700;8600000;400000;2015;Apr;29;28.1
580;Technoblade;16300000;1656452554.00;Gaming;Technoblade;989.00;United States;US;Games;17944000;4500;71800;53800;861300;200000;2013;Oct;28;88.2
119;Jingle Toons;34000000;11351015824.00;Film & Animation;Jingle Toons;240.00;India;IN;Film;179903000;45000;719600;539700;8600000;600000;2013;Jan;24;28.1
965;Flowers Comedy;12500000;11691081301.00;Entertainment;Flowers Comedy;11907.00;India;IN;Entertainment;180021000;45000;720100;540100;8600000;100000;2015;Aug;19;28.1
475;Blippi - Educational Videos for Kids;18100000;14857290259.00;Education;Blippi - Educational Videos for Kids;707.00;United States;US;Education;180412000;45100;721600;541200;8700000;300000;2014;Jan;27;88.2
176;Zhong;29200000;14727238483.00;Entertainment;Zhong;1513.00;United States;US;Entertainment;180519000;0;0;0;0;1000000;2015;Jan;19;88.2
71;Ishtar Music;41400000;17608931161.00;Trailers;Ishtar Music;4510.00;India;IN;Music;180942000;45200;723800;542800;8700000;400000;2005;Sep;22;28.1
674;ABS-CBN News;15100000;10489367372.00;News & Politics;ABS-CBN News;209520.00;Philippines;PH;News;181644000;45400;726600;544900;8700000;100000;2009;Oct;22;35.5
5;SET India;159000000;14800000000000.00;Shows;SET India;116536.00;India;IN;Entertainment;1824000000;455900;7300000;5500000;87500000;1000000;2006;Sep;20;28.1
70;Rihanna;41900000;22477745835.00;Entertainment;Rihanna;84.00;Barbados;BB;Music;182926000;45700;731700;548800;8800000;100000;2005;Nov;6;65.4
322;Ben Azelart;21900000;4454917643.00;Film & Animation;Ben Azelart;301.00;United States;US;Entertainment;184946000;46200;739800;554800;8900000;500000;2014;Jun;5;88.2
187;Shemaroo Movies;28200000;7600740993.00;Entertainment;Shemaroo Movies;3009.00;India;IN;Film;184966000;46200;739900;554900;8900000;500000;2011;Mar;1;28.1
885;Technology Gyan;13200000;1138262456.00;Science & Technology;Technology Gyan;1022.00;India;IN;Tech;18518000;4600;74100;55600;888900;100000;2015;Nov;17;28.1
724;ABC News;14700000;12961669452.00;News & Politics;ABC News;80830.00;United States;US;News;185709000;46400;742800;557100;8900000;100000;2006;Aug;7;88.2
615;Narendra Modi;15800000;3392918989.00;News & Politics;Narendra Modi;20679.00;India;IN;News;185969000;46500;743900;557900;8900000;700000;2007;Oct;26;28.1
659;CNN;15200000;14198154095.00;News & Politics;CNN;160405.00;United States;US;News;187006000;46800;748000;561000;9000000;100000;2005;Oct;2;88.2
155;ImagineDragons;30700000;16793072362.00;Music;ImagineDragons;92.00;United States;US;Music;188837000;47200;755300;566500;9100000;100000;2009;Aug;3;88.2
870;penguinz0;13300000;7773543609.00;Gaming;penguinz0;4613.00;United States;US;Entertainment;188948000;47200;755800;566800;9100000;200000;2007;May;7;88.2
154;TheDonato;31200000;6187804950.00;Entertainment;TheDonato;3027.00;Argentina;AR;Games;190679000;47700;762700;572000;9200000;1900000;2015;Feb;17;90
334;DUDU e CAROL;21600000;9597894786.00;Autos & Vehicles;DUDU e CAROL;2942.00;Brazil;BR;Entertainment;193174000;48300;772700;579500;9300000;300000;2013;Mar;2;51.3
371;Bizarrap;20600000;7657171980.00;Comedy;Bizarrap;83.00;Argentina;AR;Entertainment;193176000;48300;772700;579500;9300000;200000;2017;Jan;15;90
335;Village Cooking Channel;21600000;5863377051.00;Howto & Style;Village Cooking Channel;219.00;India;IN;Howto;194604000;48700;778400;583800;9300000;400000;2018;Apr;25;28.1
375;Ninja Kidz TV;20500000;11009148579.00;Entertainment;Ninja Kidz TV;296.00;United States;US;Entertainment;195203000;48800;780800;585600;9400000;100000;2017;Feb;9;88.2
230;Post Malone;25500000;14401218086.00;Music;Post Malone;78.00;United States;US;Music;195499000;48900;782000;586500;9400000;100000;2011;Dec;15;88.2
460;Willie Salim;18500000;4051072188.00;People & Blogs;Willie Salim;679.00;Indonesia;ID;People;197369000;49300;789500;592100;9500000;1600000;2014;Jan;6;36.3
4;Cocomelon - Nursery Rhymes;162000000;16400000000000.00;Education;Cocomelon - Nursery Rhymes;966.00;United States;US;Education;1975000000;493800;7900000;5900000;94800000;1000000;2006;Sep;1;88.2
326;Stokes Twins;21800000;4469711607.00;People & Blogs;Stokes Twins;257.00;United States;US;People;197953000;49500;791800;593900;9500000;600000;2008;Apr;11;88.2
233;Coldplay;25300000;17331663193.00;Music;Coldplay;398.00;United Kingdom;GB;Music;198875000;49700;795500;596600;9500000;100000;2010;Jan;3;60
561;Jordan Matter;16600000;5819508534.00;Entertainment;Jordan Matter;413.00;United States;US;Entertainment;199033000;49800;796100;597100;9600000;300000;2006;Dec;21;88.2
797;Luli Pampï¿½;14000000;8623705301.00;Music;Luli Pampï¿½;294.00;Spain;ES;Music;201659000;50400;806600;605000;9700000;100000;2012;Dec;22;88.9
132;Eros Now Music;32700000;17853798780.00;Entertainment;Mzaalo;1521.00;India;IN;Entertainment;20263000;5100;81100;60800;972600;40000;2012;Mar;14;28.1
40;Ed Sheeran;53500000;30367676736.00;Music;Ed Sheeran;383.00;United Kingdom;GB;Music;202720000;50700;810900;608200;9700000;100000;2006;Aug;8;60
91;Daddy Yankee;38000000;22731415608.00;Music;Daddy Yankee;505.00;United States;US;Music;205594000;51400;822400;616800;9900000;100000;2011;May;16;88.2
495;MSA previously My Story Animated;17800000;8588704539.00;Film & Animation;MSA Previously My Story Animated;26.00;United States;US;People;20708;5;83;62;994;2960;2021;Nov;9;88.2
656;Sony LIV;15200000;7151683497.00;Entertainment;Sony LIV;11099.00;India;IN;Entertainment;210909000;52700;843600;632700;10100000;300000;2014;May;2;28.1
122;SSSniperWolf;33700000;23492684419.00;Gaming;SSSniperWolf;3366.00;United States;US;Entertainment;210955000;52700;843800;632900;10100000;200000;2013;Jan;20;88.2
102;YouTube;36300000;3010784935.00;News & Politics;YouTube;744.00;United States;US;Entertainment;21103000;5300;84400;63300;1000000;300000;1970;Jan;1;88.2
765;RS 1313 SHORTS;14400000;8011977288.00;Entertainment;RS 1313 SHORTS;5628.00;India;IN;Entertainment;212639000;53200;850600;637900;10200000;200000;2020;Oct;24;28.1
966;Mundo Bita;12500000;16690788752.00;Music;Mundo Bita;253.00;Brazil;BR;Music;213700000;53400;854800;641100;10300000;100000;2011;Sep;29;51.3
929;Right to Shiksha;12800000;7876740921.00;Education;Right to Shiksha;2044.00;India;IN;Education;213738000;53400;855000;641200;10300000;300000;2020;Apr;23;28.1
406;Gusttavo Lima Oficial;19900000;13917423958.00;Music;Gusttavo Lima Oficial;416.00;Brazil;BR;Music;214803000;53700;859200;644400;10300000;100000;2010;Nov;9;51.3
821;Think Music India;13800000;11039343563.00;Music;Think Music India;4978.00;India;IN;Music;217106000;54300;868400;651300;10400000;200000;2009;Aug;15;28.1
392;CookieSwirlC;20100000;23353115850.00;Entertainment;CookieSwirlC;3774.00;United States;US;Games;221702000;55400;886800;665100;10600000;200000;2013;Nov;3;88.2
826;NishaMadhulika;13700000;2939201386.00;Howto & Style;NishaMadhulika;2158.00;India;IN;Howto;22235000;5600;88900;66700;1100000;100000;2009;Aug;2;28.1
587;Thairath Online;16200000;14563841315.00;News & Politics;Thairath Online;244899.00;Thailand;TH;News;224756000;56200;899000;674300;10800000;100000;2010;Sep;27;49.3
153;The Tonight Show Starring Jimmy Fallon;31200000;17111726160.00;Comedy;The Tonight Show Starring Jimmy Fallon;8976.00;United States;US;Comedy;22511000;0;0;0;0;100000;2006;Jan;8;88.2
1;T-Series;245000000;22800000000000.00;Music;T-Series;20082.00;India;IN;Music;2258000000;564600;9000000;6800000;108400000;2000000;2006;Mar;13;28.1
717;Canal Nostalgia;14700000;1506796393.00;Entertainment;Canal Nostalgia TV;554.00;Spain;ES;Entertainment;226420;57;906;679;10900;600;2010;Feb;19;88.9
183;Aditya Movies;28400000;10062770060.00;Movies;Aditya Movies;5436.00;India;IN;Film;227355000;56800;909400;682100;10900000;500000;2012;Feb;23;28.1
851;Codiscos;13400000;11789678655.00;Music;Codiscos;7356.00;Colombia;CO;Music;228902000;57200;915600;686700;11000000;100000;2007;Feb;8;55.3
928;Adam W;12800000;9502983550.00;Comedy;Adam W;681.00;United States;US;Comedy;228951000;57200;915800;686900;11000000;200000;2015;Oct;4;88.2
903;Calon Sarjana;13000000;10664585.00;Entertainment;Calon Sarjana;29.00;Indonesia;ID;Entertainment;2292000000;0;0;0;0;300000;2016;Jan;20;36.3
222;Indosiar;25900000;11372071889.00;Music;Indosiar;65286.00;Indonesia;ID;Entertainment;230183000;57500;920700;690500;11000000;600000;2013;Sep;23;36.3
418;DaFuq!?Boom!;19600000;7906181776.00;Film & Animation;DaFuq!?Boom!;214.00;United States;US;Entertainment;2304000000;576000;9200000;6900000;110600000;6700000;2016;Jun;6;88.2
33;Wave Music;58000000;40602020243.00;Music;Wave Music;19487.00;India;IN;Music;232025000;58000;928100;696100;11100000;500000;2014;Oct;29;28.1
48;Shemaroo;47400000;22519705183.00;Entertainment;Shemaroo;11451.00;India;IN;Entertainment;232744000;58200;931000;698200;11200000;500000;2007;Sep;1;28.1
54;Voot Kids;45500000;21388725229.00;Entertainment;Voot Kids;4660.00;India;IN;Entertainment;233988000;58500;936000;702000;11200000;400000;2016;Nov;23;28.1
323;Zach Choi ASMR;21900000;5918314128.00;People & Blogs;Zach Choi ASMR;946.00;United States;US;People;234222000;58600;936900;702700;11200000;400000;2014;Jul;5;88.2
963;Family Fitness;12500000;10384848759.00;Entertainment;Family Fitness;1699.00;India;IN;Entertainment;235715000;58900;942900;707100;11300000;400000;2017;Jan;18;28.1
347;Azhan5star;21300000;10047736580.00;Entertainment;Azhan5star;669.00;India;IN;Entertainment;236293000;59100;945200;708900;11300000;600000;2021;Feb;2;28.1
422;JukiLop;19400000;1577859332.00;People & Blogs;JukiLop;85.00;Mexico;MX;People;2382000;595;9500;7100;114300;100000;2017;Sep;15;40.2
112;Ryan's World;35200000;55299840198.00;Entertainment;Ryan's World;2453.00;United States;US;Entertainment;238613000;59700;954500;715800;11500000;200000;2015;Mar;17;88.2
830;infobells;13700000;5178142148.00;Education;infobells;495.00;India;IN;Education;23893000;6000;95600;71700;1100000;100000;2011;Oct;20;28.1
995;Make Joke Of;12300000;2129773714.00;Comedy;Make Joke Of;62.00;India;IN;Comedy;24000000;6000;96000;72000;1200000;100000;2017;Aug;1;28.1
978;Timba Vk;12400000;2840137980.00;Gaming;Timba Vk;1024.00;Spain;ES;Games;24022000;6000;96100;72100;1200000;100000;2012;Jun;16;88.9
614;Dear Sir;15800000;1349288771.00;Education;Dear Sir;633.00;India;IN;Education;24056000;6000;96200;72200;1200000;200000;2016;Dec;13;28.1
687;Sony Music South;15000000;9978734160.00;Music;Sony Music South;2726.00;India;IN;Music;242185000;60500;968700;726600;11600000;300000;2014;Aug;6;28.1
151;Peppa Pig - Official Channel;31400000;22919271731.00;Film & Animation;Peppa Pig - Official Channel;3589.00;United Kingdom;GB;Education;244925000;61200;979700;734800;11800000;300000;2013;Oct;9;60
127;KHANDESHI MOVIES;33500000;11405809704.00;Comedy;KHANDESHI MOVIES;217.00;India;IN;Comedy;24736000;6200;98900;74200;1200000;100000;2013;Nov;11;28.1
703;Bayashi TV;14900000;8615618825.00;Entertainment;ýýýýýýýýýýýýýýýýýýBAYASHITV;93.00;Japan;JP;Autos;2477;62;10;7;119;9;2012;Nov;19;63.2
887;Ryan Trahan;13100000;2182651464.00;Entertainment;Ryan Trahan;33.00;United States;US;People;248;6;99;74;12;1;2022;Jun;27;88.2
677;MoreAliA;15000000;4352427049.00;Gaming;MoreAliA;2324.00;United Kingdom;GB;Games;250995000;62700;1000000;753000;12000000;600000;2013;May;6;60
97;Maria Clara & JP;37000000;24188861917.00;People & Blogs;Maria Clara & JP;744.00;Brazil;BR;Entertainment;251449000;62900;1000000;754300;12100000;300000;2015;Sep;6;51.3
26;Shemaroo Filmi Gaane;65600000;28648024439.00;Music;Shemaroo Filmi Gaane;8502.00;India;IN;Music;254961000;63700;1000000;764900;12200000;400000;2010;Jun;11;28.1
783;Neha Kakkar;14100000;2131548711.00;Music;Neha Kakkar;149.00;India;IN;Music;25605000;6400;102400;76800;1200000;100000;2012;Oct;22;28.1
586;POPS Kids;16200000;9763592867.00;Music;POPS Kids;3943.00;Vietnam;VN;Film;256733000;64200;1000000;770200;12300000;200000;2014;Jan;14;28.5
617;Rotten Tomatoes Trailers;15800000;13116313599.00;Film & Animation;Rotten Tomatoes Trailers;10441.00;United States;US;Film;25738000;6400;103000;77200;1200000;100000;2011;Apr;1;88.2
482;SonyMusicSouthVEVO;18000000;17921124985.00;Music;SonyMusicSouthVEVO;5692.00;United States;US;Music;257597000;64400;1000000;772800;12400000;100000;2014;Jul;14;88.2
35;Sony Music India;57200000;28837144516.00;Music;Sony Music India;3882.00;India;IN;Music;259310000;64800;1000000;777900;12400000;300000;2009;Sep;2;28.1
36;EminemMusic;56900000;27073872856.00;Music;EminemMusic;156.00;United States;US;Music;260193000;65000;1000000;780600;12500000;300000;2007;Feb;9;88.2
172;ashish chanchlani vines;29800000;4457913639.00;Comedy;ashish chanchlani vines;151.00;India;IN;Comedy;26171000;6500;104700;78500;1300000;100000;2009;Jul;6;28.1
385;Ami Rodriguez;20200000;2951914200.00;Entertainment;Ami Rodriguez;460.00;Colombia;CO;Entertainment;263864000;66000;1100000;791600;12700000;1600000;2009;Jul;20;55.3
82;Mikecrack;39100000;16118181673.00;Gaming;Mikecrack;1876.00;Spain;ES;Games;264108000;66000;1100000;792300;12700000;800000;2015;Jul;13;88.9
818;123 GO! Spanish;13800000;5019136690.00;People & Blogs;123 GO! Spanish;520.00;Mexico;MX;Howto;26519000;6600;106100;79600;1300000;100000;2019;Mar;13;40.2
44;BillionSurpriseToys  - Nursery Rhymes & Cartoons;52200000;9877365274.00;Education;BillionSurpriseToys  - Nursery Rhymes & Cartï¿½;847.00;United States;US;Education;266747000;66700;1100000;800200;12800000;600000;2013;Oct;25;88.2
96;ABP NEWS;37000000;13102611515.00;People & Blogs;ABP NEWS;301308.00;India;IN;News;267060000;66800;1100000;801200;12800000;400000;2012;Jun;1;28.1
600;Disney Junior;16100000;15812009296.00;Entertainment;Disney Junior;4045.00;United States;US;Entertainment;267131000;66800;1100000;801400;12800000;300000;2008;Apr;22;88.2
795;TV Ana Emilia;14000000;4674164601.00;People & Blogs;TV Ana Emilia;651.00;Mexico;MX;Entertainment;26783000;6700;107100;80300;1300000;100000;2014;Dec;30;40.2
352;Baim Paula;21100000;4526271677.00;People & Blogs;Baim Paula;2325.00;Indonesia;ID;Entertainment;26974000;6700;107900;80900;1300000;100000;2016;Jun;4;36.3
147;Dream;31700000;2930015381.00;Gaming;Dream;116.00;United States;US;Games;27022000;6800;108100;81100;1300000;200000;2014;Feb;8;88.2
125;Rajshri;33500000;14864294792.00;Music;Rajshri;3741.00;India;IN;Entertainment;272255000;68100;1100000;816800;13100000;500000;2006;Mar;24;28.1
423;etvteluguindia;19400000;23038014291.00;Entertainment;etvteluguindia;125974.00;India;IN;Entertainment;272917000;68200;1100000;818800;13100000;200000;2010;Mar;15;28.1
238;The Lallantop;25200000;10409352249.00;News & Politics;The Lallantop;51129.00;India;IN;News;273920000;68500;1100000;821800;13100000;300000;2015;Mar;23;28.1
416;Sony AATH;19600000;13930021471.00;Shows;Sony AATH;18661.00;United States;US;Entertainment;274212000;68600;1100000;822600;13200000;300000;2013;Nov;13;88.2
507;MissaSinfonia;17600000;2274007523.00;Comedy;MissaSinfonia;233.00;Mexico;MX;Comedy;27445000;6900;109800;82300;1300000;100000;2011;Jan;5;40.2
542;Danny Fitt;16900000;9544277833.00;People & Blogs;Danny Fitt;2337.00;United States;US;Entertainment;275264000;68800;1100000;825800;13200000;700000;2016;Dec;31;88.2
487;RobleisIUTU;17900000;5168721499.00;Entertainment;RobleisIUTU;1344.00;Argentina;AR;Games;27545000;6900;110200;82600;1300000;100000;2013;Apr;15;90
206;Beast Reacts;26700000;4388047013.00;People & Blogs;Beast Reacts;241.00;United States;US;Entertainment;276187000;69000;1100000;828600;13300000;1200000;2016;Apr;24;88.2
397;7clouds;20100000;14816075927.00;Music;7clouds;2384.00;United States;US;Music;276751000;69200;1100000;830300;13300000;300000;2013;May;25;88.2
585;JJ Olatunji;16200000;4076692623.00;Gaming;JJ Olatunji;1294.00;United Kingdom;GB;Entertainment;27808000;7000;111200;83400;1300000;100000;2011;Jan;26;60
639;Harsh Beniwal;15400000;1781226000.00;Comedy;Harsh Beniwal;165.00;India;IN;Comedy;27963000;7000;111900;83900;1300000;100000;2015;May;6;28.1
242;Anuel AA;25000000;14827085149.00;Music;Anuel AA;147.00;Colombia;CO;Music;284144000;71000;1100000;852400;13600000;300000;2016;Sep;8;55.3
357;Dr. Vivek Bindra: Motivational Speaker;20900000;1693149479.00;Education;Dr. Vivek Bindra: Motivational Speaker;896.00;India;IN;Education;28588000;7100;114400;85800;1400000;100000;2013;Dec;6;28.1
429;Sonotek;19200000;7590582024.00;Entertainment;Sonotek;8285.00;India;IN;Music;28678000;7200;114700;86000;1400000;100000;2011;Jan;11;28.1
185;infobells - Telugu;28300000;14814192034.00;Education;infobells - Telugu;505.00;India;IN;Education;288110000;72000;1200000;864300;13800000;800000;2014;Mar;13;28.1
108;IndiaTV;35500000;16105023749.00;News & Politics;IndiaTV;273255.00;India;IN;News;290847000;72700;1200000;872500;14000000;600000;2006;Aug;26;28.1
916;Top Viral Talent;12900000;3643698504.00;Entertainment;Top Viral Talent;1598.00;United States;US;Entertainment;29379000;7300;117500;88100;1400000;100000;2014;Jan;2;88.2
684;Kwebbelkop;15000000;6889304306.00;Gaming;Kwebbelkop;5198.00;United States;US;Film;29724000;7400;118900;89200;1400000;100000;2008;Apr;2;88.2
901;Davie504;13000000;2683297849.00;Entertainment;Davie504;838.00;Italy;IT;Entertainment;29870000;7500;119500;89600;1400000;100000;2011;May;18;61.9
443;TED-Ed;18800000;3654621568.00;Education;TED-Ed;2072.00;United States;US;Education;29874000;7500;119500;89600;1400000;100000;2011;Mar;1;88.2
359;Brave Wilderness;20900000;4927879069.00;Pets & Animals;Brave Wilderness;982.00;United States;US;Animals;2989000;0;0;0;0;100000;2014;Sep;8;88.2
860;The Q;13400000;4306212515.00;People & Blogs;Tom Duggan;96.00;United States;US;Sports;3;0;1;1;14;1;2006;Jan;17;88.2
177;Enaldinho;29200000;11627437847.00;Comedy;Enaldinho;3654.00;Brazil;BR;Games;303100000;75800;1200000;909300;14500000;1000000;2012;Nov;7;51.3
293;unknown boy varun;23100000;9299371231.00;Music;unknown boy varun;456.00;India;IN;Music;304021000;76000;1200000;912100;14600000;700000;2016;Sep;27;28.1
904;Lofi Girl;13000000;1698279553.00;Music;Lofi Girl;409.00;France;FR;Music;30471000;7600;121900;91400;1500000;100000;2015;Mar;18;65.6
47;Get Movies;47500000;30788679536.00;Entertainment;Get Movies;3322.00;Russia;RU;Film;306540000;76600;1200000;919600;14700000;700000;2006;Dec;16;81.9
834;DALLMYD;13600000;1948925559.00;Sports;DALLMYD;412.00;United States;US;Sports;30677000;7700;122700;92000;1500000;100000;2011;Feb;1;88.2
196;JYP Entertainment;27400000;19883150017.00;Music;JYP Entertainment;1753.00;South Korea;KR;Music;307631000;76900;1200000;922900;14800000;200000;2008;Jan;25;94.3
985;bharatzkitchen HINDI;12400000;2315226648.00;Howto & Style;bharatzkitchen HINDI;729.00;India;IN;Howto;30968000;7700;123900;92900;1500000;100000;2016;Aug;10;28.1
148;Lucas and Marcus;31600000;11615848291.00;Entertainment;Lucas and Marcus;1321.00;United States;US;Entertainment;312099000;78000;1200000;936300;15000000;400000;2011;Jan;19;88.2
689;Ray William Johnson;15000000;10239836582.00;Entertainment;Ray William Johnson;1803.00;United States;US;Comedy;312858000;78200;1300000;938600;15000000;200000;2008;May;26;88.2
50;SonyMusicIndiaVEVO;46600000;27286058807.00;Music;SonyMusicIndiaVEVO;3444.00;United States;US;Music;314505000;78600;1300000;943500;15100000;400000;2009;Sep;2;88.2
157;Round2hell;30700000;3145161634.00;Comedy;Round2hell;67.00;India;IN;Entertainment;31822000;8000;127300;95500;1500000;300000;2016;Oct;20;28.1
228;TaylorSwiftVEVO;25600000;25592378292.00;Music;TaylorSwiftVEVO;287.00;United States;US;Music;318593000;79600;1300000;955800;15300000;100000;2009;May;12;88.2
875;HUBAï¿½ï¿½;13200000;9884886099.00;Entertainment;HUBAï¿½ï¿½;538.00;United States;US;Entertainment;319647000;79900;1300000;958900;15300000;500000;2021;Feb;20;88.2
93;Like Nastya ESP;37600000;18208196857.00;Entertainment;Like Nastya ESP;743.00;United States;US;Entertainment;321026000;80300;1300000;963100;15400000;700000;2017;Apr;22;88.2
421;DLS News;19400000;2255542592.00;News & Politics;DLS News;4750.00;India;IN;News;32111000;8000;128400;96300;1500000;100000;2017;Jul;5;28.1
943;Go Ami Go!;12700000;1714955279.00;People & Blogs;Go Ami Go!;252.00;Colombia;CO;People;327600000;81900;1300000;982800;15700000;1500000;2015;Dec;3;55.3
134;DisneyMusicVEVO;32700000;28516250629.00;Music;DisneyMusicVEVO;2068.00;United States;US;Music;329861000;82500;1300000;989600;15800000;300000;2010;May;20;88.2
584;T3ddy;16200000;2990185467.00;Comedy;T3ddy;1930.00;Brazil;BR;People;33015000;8300;132100;99000;1600000;100000;2012;Jan;16;51.3
109;T-Series Bollywood Classics;35400000;22637783517.00;Music;T-Series Bollywood Classics;2010.00;India;IN;Music;331474000;82900;1300000;994400;15900000;500000;2012;Apr;2;28.1
243;Dan Rhodes;24800000;17387583720.00;Entertainment;Dan Rhodes;1644.00;United Kingdom;GB;Entertainment;331889000;83000;1300000;995700;15900000;500000;2015;Oct;30;60
522;Taarak Mehta Ka Ooltah Chashmah;17300000;11371738047.00;Entertainment;Taarak Mehta Ka Ooltah Chashmah;4778.00;India;IN;Entertainment;331944000;83000;1300000;995800;15900000;300000;2014;Aug;4;28.1
807;T-Series Regional;13900000;5217553897.00;Entertainment;T-Series Regional;15075.00;India;IN;Music;33484000;8400;133900;100500;1600000;100000;2011;Feb;14;28.1
623;Prime Video India;15700000;8696631898.00;Entertainment;Prime Video India;7090.00;United States;US;Entertainment;335111000;83800;1300000;1000000;16100000;1200000;2016;Oct;3;88.2
113;Genevieve's Playhouse - Learning Videos for Kids;34900000;25607397308.00;Education;Genevieve's Playhouse - Learning Videos for ï¿½;617.00;United States;US;Film;335307000;83800;1300000;1000000;16100000;300000;2016;Jan;6;88.2
53;Fernanfloo;46100000;10323391593.00;Gaming;Fernanfloo;543.00;El Salvador;SV;Games;33842000;8500;135400;101500;1600000;200000;2011;May;2;29.4
682;XpressTV;15000000;4008801873.00;Entertainment;XpressTV;724.00;Mexico;MX;Entertainment;33880000;8500;135500;101600;1600000;100000;2014;Nov;17;40.2
891;Lokdhun Punjabi;13100000;4712624489.00;Music;Lokdhun Punjabi;1262.00;India;IN;Music;34438000;8600;137800;103300;1700000;100000;2010;Dec;27;28.1
499;jaanvi patel;17700000;7912733203.00;People & Blogs;jaanvi patel;512.00;India;IN;People;346753000;86700;1400000;1000000;16600000;900000;2018;Jul;18;28.1
723;Colors Rishtey;14700000;12362331529.00;Entertainment;Colors Rishtey;23490.00;India;IN;Entertainment;347603000;86900;1400000;1000000;16700000;400000;2013;Nov;28;28.1
964;Zee Tamil;12500000;11552190002.00;Entertainment;Zee Tamil;102699.00;India;IN;Entertainment;349940000;87500;1400000;1000000;16800000;200000;2008;Aug;26;28.1
843;Awakening Music;13500000;5545936485.00;Music;Awakening Music;814.00;United Kingdom;GB;Music;35309000;8800;141200;105900;1700000;100000;2006;Dec;25;60
787;Supercar Blondie;14100000;5405563355.00;Autos & Vehicles;Supercar Blondie;855.00;United Arab Emirates;AE;Autos;353259000;88300;1400000;1100000;17000000;500000;2007;Sep;12;36.8
64;Shakira;43500000;27568757295.00;People & Blogs;Shakira;326.00;Colombia;CO;Howto;353412000;88400;1400000;1100000;17000000;500000;2005;Oct;16;55.3
297;DrossRotzank;23000000;6041264489.00;Entertainment;DrossRotzank;1598.00;Argentina;AR;Entertainment;35539000;8900;142200;106600;1700000;100000;2006;Mar;9;90
760;Coke Studio;14400000;4035738731.00;Music;Rohail Hyatt;450.00;United States;US;Music;3557000;889;14200;10700;170700;10000;2008;Jun;4;88.2
152;YOLO AVENTURAS;31200000;9673649438.00;People & Blogs;YOLO AVENTURAS;65.00;Venezuela;VE;Comedy;3589;9;14;11;172;100;2018;Dec;16;79.3
651;Mazhavil Manorama;15300000;16545966132.00;Entertainment;Mazhavil Manorama;87864.00;India;IN;Entertainment;361483000;90400;1400000;1100000;17400000;300000;2011;Oct;31;28.1
720;Chad Wild Clay;14700000;6751985988.00;Comedy;Chad Wild Clay;698.00;United States;US;Entertainment;36338000;9100;145400;109000;1700000;100000;2006;Mar;26;88.2
540;VICE;16900000;4609753237.00;Entertainment;VICE;3900.00;United States;US;Entertainment;36357000;9100;145400;109100;1700000;100000;2005;Dec;16;88.2
284;Tilak;23400000;9465863821.00;Film & Animation;Tilak;6672.00;India;IN;Film;367347000;91800;1500000;1100000;17600000;900000;2020;Oct;10;28.1
780;SEVENGERS;14200000;10238593147.00;Comedy;SEVENGERS;872.00;India;IN;Comedy;367898000;92000;1500000;1100000;17700000;400000;2018;Jun;4;28.1
645;zayn;15400000;4909687948.00;Music;zayn;21.00;United States;US;Music;36790000;9200;147200;110400;1800000;100000;2016;Jan;26;88.2
909;Susy Mouriz;13000000;6270909026.00;Entertainment;Susy Mouriz;1299.00;Mexico;MX;Entertainment;368437000;92100;1500000;1100000;17700000;600000;2017;Mar;18;40.2
503;News 24;17700000;8396875537.00;News & Politics;24 ï¿½ï¿½ï¿½ï;211620.00;Ukraine;UA;News;370779000;92700;1500000;1100000;17800000;230000;2006;Feb;5;82.7
530;TheBrianMaps;17100000;4448334716.00;Comedy;TheBrianMaps;498.00;Russia;RU;Entertainment;37164000;9300;148700;111500;1800000;100000;2012;Jun;4;81.9
135;The Weeknd;32600000;23379969006.00;Music;The Weeknd;169.00;Canada;CA;Music;373828000;93500;1500000;1100000;17900000;200000;2011;Feb;25;68.9
823;Goldmines Premiere;13700000;1973638757.00;Entertainment;Goldmines Premiere;975.00;India;IN;Film;37648000;9400;150600;112900;1800000;100000;2013;Oct;12;28.1
712;Beast Philanthropy;14800000;272678287.00;People & Blogs;Beast Philanthropy;34.00;Germany;DE;Games;37883;9;152;114;1800;3580;2015;Jan;31;70.2
900;DJ Khaled;13100000;6637820731.00;Music;DjKhaled;12.00;Samoa;WS;Music;379;9;2;1;18;3;2006;May;27;7.6
589;XO TEAM;16200000;14784781923.00;People & Blogs;XO TEAM Family;189.00;United States;US;People;37911;9;152;114;1800;1000;2020;Sep;12;88.2
825;The Vishal bhatt;13700000;9596430464.00;Comedy;The Vishal bhatt;1040.00;India;IN;Comedy;379240000;94800;1500000;1100000;18200000;600000;2021;Aug;15;28.1
457;Marmok;18500000;3457618361.00;Gaming;Marmok;374.00;Russia;RU;Games;38282000;9600;153100;114800;1800000;100000;2008;Apr;27;81.9
360;LIV Crime;20900000;11058049885.00;People & Blogs;LIV Crime;9850.00;United States;US;People;383700000;95900;1500000;1200000;18400000;600000;2020;Aug;18;88.2
994;RobTopGames;12300000;374123483.00;Gaming;RobTopGames;39.00;Sweden;SE;Games;3871000;968;15500;11600;185800;100000;2012;May;9;67
479;How Ridiculous;18000000;9601137077.00;Sports;How Ridiculous;650.00;Australia;AU;Sports;391298000;97800;1600000;1200000;18800000;600000;2009;Sep;9;113.1
403;Gordon Ramsay;20000000;3875172235.00;Entertainment;Gordon Ramsay;1527.00;United Kingdom;GB;Entertainment;39228000;9800;156900;117700;1900000;200000;2006;Apr;29;60
513;News18 India;17500000;7263619576.00;News & Politics;News18 India;182742.00;India;IN;News;394106000;98500;1600000;1200000;18900000;700000;2007;Oct;25;28.1
859;Peet Montzingo;13400000;10022557589.00;People & Blogs;Peet Montzingo;319.00;United States;US;People;397715000;99400;1600000;1200000;19100000;500000;2014;Jun;1;88.2
702;TazerCraft;14900000;5956193599.00;Gaming;TazerCraft;4175.00;Brazil;BR;Games;39775000;9900;159100;119300;1900000;100000;2011;Jul;13;51.3
307;Heroindori;22600000;9223534599.00;Comedy;Heroindori;495.00;India;IN;Entertainment;399152000;99800;1600000;1200000;19200000;1400000;2020;Jun;29;28.1
597;Daily Dose Of Internet;16100000;6872702790.00;Entertainment;Daily Dose Of Internet;671.00;United States;US;Entertainment;399807000;100000;1600000;1200000;19200000;300000;2015;Jul;15;88.2
258;Alejo Igoa;24100000;10999000479.00;Comedy;Alejo Igoa;802.00;Argentina;AR;Entertainment;401512000;100400;1600000;1200000;19300000;600000;2014;Jan;17;90
121;Galinha Pintadinha;33800000;27274550757.00;Film & Animation;Galinha Pintadinha;66.00;Brazil;BR;Film;403508000;100900;1600000;1200000;19400000;200000;2006;Aug;30;51.3
725;Camila Loures;14700000;4684983333.00;Music;Camila Loures;3978.00;Brazil;BR;Entertainment;40975000;10200;163900;122900;2000000;100000;2014;May;27;51.3
381;Emiway Bantai;20400000;3579555124.00;Music;Emiway Bantai;239.00;India;IN;Music;41289000;10300;165200;123900;2000000;100000;2013;May;3;28.1
769;Super Polina;14300000;4776507159.00;People & Blogs;Super Polina;576.00;United States;US;Entertainment;413774;103;1700;1200;19900;100000;2014;Jul;8;88.2
90;Sony PAL;38200000;28519339489.00;Shows;Sony PAL;24089.00;India;IN;Entertainment;415914000;104000;1700000;1200000;20000000;500000;2014;May;9;28.1
683;PlayStation;15000000;4741434420.00;Gaming;PlayStation;20292.00;United States;US;Games;41789000;10400;167200;125400;2000000;100000;2005;Dec;16;88.2
748;TV9 Bharatvarsh;14500000;10303519926.00;People & Blogs;TV9 Bharatvarsh;293516.00;India;IN;News;418474000;104600;1700000;1300000;20100000;700000;2018;Nov;19;28.1
25;ChuChu TV Nursery Rhymes & Kids Songs;65900000;45757850229.00;Education;ChuChu TV Nursery Rhymes & Kids Songs;633.00;India;IN;Education;420292000;105100;1700000;1300000;20200000;500000;2013;Feb;9;28.1
31;Tips Official;59300000;33431802698.00;Music;Tips Official;4741.00;India;IN;Music;422634000;105700;1700000;1300000;20300000;600000;2007;May;22;28.1
199;Nick Jr.;27300000;22440611155.00;Film & Animation;Nick Jr.;5438.00;United States;US;Entertainment;42546000;10600;170200;127600;2000000;200000;2012;Sep;27;88.2
575;Camila Cabello;16300000;6613422635.00;Music;Camila Cabello;80.00;United States;US;Music;42704000;10700;170800;128100;2000000;100000;2015;Aug;11;88.2
547;Like Nastya IDN;16800000;7195314800.00;Entertainment;Like Nastya IDN;502.00;Indonesia;ID;Entertainment;42836000;10700;171300;128500;2100000;100000;2019;Nov;22;36.3
202;Dushyant kukreja;27100000;17318452893.00;Entertainment;Dushyant kukreja;889.00;India;IN;Entertainment;429692000;107400;1700000;1300000;20600000;700000;2015;Sep;26;28.1
494;Priyal Kukreja;17800000;11057945183.00;People & Blogs;Priyal Kukreja;772.00;India;IN;People;431390000;107800;1700000;1300000;20700000;900000;2021;Apr;23;28.1
666;PowerfulJRE;15100000;3060202847.00;People & Blogs;PowerfulJRE;1037.00;United States;US;People;43409000;10900;173600;130200;2100000;200000;2013;Jan;12;88.2
695;MNCTV OFFICIAL;14900000;8074260978.00;Entertainment;MNCTV OFFICIAL;66362.00;Indonesia;ID;Entertainment;43581000;10900;174300;130700;2100000;100000;2012;Nov;29;36.3
861;Trakin Tech;13300000;2262690743.00;Science & Technology;Trakin Tech;3640.00;India;IN;Tech;43669000;10900;174700;131000;2100000;100000;2011;Nov;2;28.1
939;Blossom;12700000;4733873025.00;Howto & Style;Blossom;812.00;United States;US;Howto;43868000;11000;175500;131600;2100000;100000;2017;Jun;1;88.2
516;Aphmau;17400000;17763586483.00;Gaming;Aphmau;4411.00;United States;US;Games;439870000;110000;1800000;1300000;21100000;400000;2012;Aug;13;88.2
893;Painzeiro;13100000;2555801802.00;People & Blogs;Painzeiro;1077.00;Brazil;BR;People;43990000;11000;176000;132000;2100000;100000;2015;Nov;6;51.3
812;Veritasium;13900000;2165885634.00;Education;Veritasium;369.00;United States;US;Education;44149000;11000;176600;132400;2100000;200000;2010;Jul;21;88.2
837;BBC;13600000;9685060624.00;Pets & Animals;BBC;16047.00;United Kingdom;GB;Entertainment;44414000;11100;177700;133200;2100000;100000;2005;Nov;12;60
280;Maya and Mary;23600000;6766461070.00;Entertainment;Maya and Mary;552.00;United States;US;Entertainment;44542000;11100;178200;133600;2100000;400000;2013;Aug;30;88.2
776;E-MasterSensei;14200000;3920559552.00;Gaming;E-MasterSensei;1300.00;Mexico;MX;Games;44575000;11100;178300;133700;2100000;200000;2016;Jan;13;40.2
491;Jason Derulo;17900000;9887116267.00;Music;Jason Derulo;830.00;United States;US;Music;447891000;112000;1800000;1300000;21500000;400000;2008;Jul;21;88.2
866;Vogue;13300000;4177184071.00;Entertainment;Vogue;3166.00;United States;US;People;45095000;11300;180400;135300;2200000;100000;2008;Jun;29;88.2
390;Marta and Rustam;20200000;19694265358.00;Comedy;Marta and Rustam;761.00;United States;US;Comedy;452250000;113100;1800000;1400000;21700000;600000;2021;Jun;21;88.2
747;GMM25Thailand;14500000;9383692066.00;Entertainment;GMM25Thailand;68606.00;Thailand;TH;Entertainment;45622000;11400;182500;136900;2200000;100000;2011;Jun;8;49.3
85;TEDx Talks;38600000;7339333120.00;Nonprofits & Activism;TEDx Talks;200933.00;United States;US;Nonprofit;45638000;11400;182600;136900;2200000;100000;2009;Jun;23;88.2
531;TRANS TV Official;17100000;9710962528.00;Entertainment;TRANS TV Official;148225.00;Indonesia;ID;Entertainment;45811000;11500;183200;137400;2200000;100000;2014;Sep;2;36.3
327;National Geographic;21800000;5614621131.00;Science & Technology;National Geographic;10162.00;United States;US;Entertainment;45812000;11500;183200;137400;2200000;100000;2006;May;7;88.2
34;Aaj Tak;57600000;25307753534.00;News & Politics;Aaj Tak;283775.00;India;IN;News;461148000;115300;1800000;1400000;22100000;500000;2009;Aug;27;28.1
158;Zee News;30500000;16709857823.00;News & Politics;Zee News;180092.00;India;IN;News;461472000;115400;1800000;1400000;22200000;600000;2007;Jun;19;28.1
520;Apple;17300000;1026425106.00;Science & Technology;Apple;180.00;United States;US;Tech;46484000;11600;185900;139500;2200000;100000;2005;Jun;22;88.2
137;KAROL G;32100000;18699145555.00;Music;KAROL G;134.00;Colombia;CO;Music;465647000;116400;1900000;1400000;22400000;300000;2013;Mar;14;55.3
278;Juan De Dios Pantoja;23600000;2135644776.00;Entertainment;Juan De Dios Pantoja;226.00;Mexico;MX;People;46862000;11700;187400;140600;2200000;200000;2014;Jun;9;40.2
937;Future;12700000;9927699419.00;Music;Future AMV's;119.00;United States;US;Film;472367;118;1900;1400;22700;1000;2020;Nov;7;88.2
23;Pinkfong Baby Shark - Kids' Songs & Stories;68200000;38843229963.00;Education;Pinkfong Baby Shark - Kids' Songs & Stories;2865.00;United States;US;Education;473387000;118300;1900000;1400000;22700000;600000;2011;Dec;14;88.2
832;Acenix;13600000;2122062016.00;Gaming;Acenix;368.00;Spain;ES;Games;47436000;11900;189700;142300;2300000;200000;2014;Jan;2;88.9
650;ILYA BORZOV;15300000;9938811455.00;People & Blogs;ILYA BORZOV;2175.00;Russia;RU;People;475565000;118900;1900000;1400000;22800000;800000;2021;Apr;1;81.9
474;SQUEEZIE;18100000;9983065083.00;Gaming;SQUEEZIE;1521.00;France;FR;Entertainment;48099000;12000;192400;144300;2300000;100000;2011;Jan;9;65.6
500;tanboy kun;17700000;3647267655.00;People & Blogs;tanboy kun;739.00;Indonesia;ID;Entertainment;48174000;12000;192700;144500;2300000;100000;2016;Oct;27;36.3
745;Aadishakti Films;14500000;6290721701.00;Music;Aadishakti Films;4790.00;India;IN;Music;48447000;12100;193800;145300;2300000;200000;2016;Oct;28;28.1
312;Goldmines Cineplex;22500000;2431154438.00;Film & Animation;Goldmines Cineplex;3377.00;India;IN;Film;48740000;12200;195000;146200;2300000;200000;2015;Sep;12;28.1
9;Like Nastya;106000000;90479060027.00;People & Blogs;Like Nastya Vlog;493.00;Russia;RU;People;48947000;12200;195800;146800;2300000;100000;2016;Jan;14;81.9
459;Like Nastya Vlog;18500000;8147575884.00;People & Blogs;Like Nastya Vlog;493.00;Russia;RU;People;48947000;12200;195800;146800;2300000;100000;2016;Jan;14;81.9
340;invictor;21500000;8409641722.00;Gaming;INVICTOR;17.00;Chile;CL;People;49;1;2;15;2;4;2016;Jul;26;88.5
990;Migos ATL;12400000;6993406259.00;Music;Migos ATL;99.00;United States;US;Entertainment;49412000;12400;197600;148200;2400000;100000;2012;Jan;17;88.2
846;Woody & Kleiny;13500000;11717217293.00;Comedy;Woody & Kleiny;975.00;United Kingdom;GB;Entertainment;495561000;123900;2000000;1500000;23800000;400000;2013;Mar;30;60
660;NDTV India;15200000;6624168155.00;News & Politics;NDTV India;91704.00;India;IN;News;49662000;12400;198600;149000;2400000;100000;2008;Jan;19;28.1
472;Jake Fellman;18100000;13378360425.00;Entertainment;Jake Fellman;420.00;United States;US;Entertainment;497044000;124300;2000000;1500000;23900000;700000;2012;Oct;13;88.2
95;Jkk Entertainment;37200000;16402066717.00;Comedy;Jkk Entertainment;220.00;India;IN;Comedy;49861000;12500;199400;149600;2400000;100000;2017;Mar;20;28.1
14;BLACKPINK;89800000;32144597566.00;People & Blogs;BLACKPINK;543.00;South Korea;KR;Music;498930000;124700;2000000;1500000;23900000;700000;2016;Jun;29;94.3
734;Mis Pastelitos;14600000;2750902766.00;Howto & Style;Mis Pastelitos;603.00;Mexico;MX;Music;50677000;12700;202700;152000;2400000;100000;2014;Jun;24;40.2
38;YRF;54600000;35302243691.00;Film & Animation;YRF;3707.00;India;IN;Music;512093000;128000;2000000;1500000;24600000;500000;2006;Jun;7;28.1
486;KatieAngel;17900000;3841205465.00;People & Blogs;KatieAngel;982.00;United States;US;Music;51687000;12900;206700;155100;2500000;100000;2015;May;19;88.2
882;The Infographics Show;13200000;5263540904.00;Education;The Infographics Show;4279.00;United States;US;Education;51820000;13000;207300;155500;2500000;100000;2011;Feb;26;88.2
525;Marques Brownlee;17200000;3606912471.00;Science & Technology;Marques Brownlee;1567.00;United States;US;Tech;52325000;13100;209300;157000;2500000;100000;2008;Mar;21;88.2
358;Fatos Desconhecidos;20900000;3828000587.00;Entertainment;Fatos Desconhecidos;6262.00;Brazil;BR;Entertainment;52330000;13100;209300;157000;2500000;100000;2013;Sep;26;51.3
290;Wave Music Bhojpuri;23100000;12889240875.00;Music;Wave Music Bhojpuri;22578.00;India;IN;Music;52678000;13200;210700;158000;2500000;100000;2014;Aug;10;28.1
42;Taylor Swift;52900000;29884657286.00;Music;Taylor Swift;216.00;United States;US;Music;528392000;132100;2100000;1600000;25400000;800000;2006;Sep;20;88.2
107;Saregama Music;35500000;15657673422.00;Entertainment;Saregama Music;7566.00;India;IN;Music;533793000;133400;2100000;1600000;25600000;900000;2013;Jan;4;28.1
874;AzzyLand;13300000;6412313570.00;Gaming;AzzyLand;1749.00;Canada;CA;Entertainment;5387000;1300;21500;16200;258600;100000;2015;May;8;68.9
925;Duo Tiempo De Sol;12800000;6662288136.00;Music;Duo Tiempo De Sol;323.00;Spain;ES;Education;53988000;13500;216000;162000;2600000;100000;2013;Mar;26;88.9
413;Britain's Got Talent;19700000;11323617496.00;Entertainment;Britain's Got Talent;4225.00;United Kingdom;GB;Entertainment;54192000;13500;216800;162600;2600000;100000;2008;Apr;12;60
775;TommyInnit;14200000;2084791147.00;Gaming;TommyInnit;342.00;United Kingdom;GB;Games;54291000;13600;217200;162900;2600000;200000;2015;Dec;24;60
118;Jess No Limit;34000000;3963007415.00;Entertainment;Jess No Limit;2284.00;Indonesia;ID;Entertainment;547141000;136800;2200000;1600000;26300000;5500000;2017;Sep;7;36.3
478;Manual do Mundo;18000000;3980991248.00;Howto & Style;Manual do Mundo;2470.00;Brazil;BR;Tech;54766000;13700;219100;164300;2600000;100000;2006;Jul;24;51.3
368;tuzelity SHUFFLE;20700000;8658941531.00;People & Blogs;tuzelity SHUFFLE;889.00;Russia;RU;People;552266000;138100;2200000;1700000;26500000;1600000;2015;Oct;26;81.9
641;Mobile Legends: Bang Bang;15400000;1543608082.00;Gaming;Mobile Legends: Bang Bang;1647.00;United States;US;Games;55369000;13800;221500;166100;2700000;100000;2016;Jul;14;88.2
81;Super Simple Songs - Kids Songs;39200000;44900897958.00;Education;Super Simple Songs - Kids Songs;744.00;Canada;CA;Education;560756000;140200;2200000;1700000;26900000;400000;2006;Sep;8;68.9
348;Dangal TV Channel;21300000;12895427184.00;Entertainment;Dangal TV Channel;20225.00;India;IN;Entertainment;561020000;140300;2200000;1700000;26900000;700000;2017;Aug;2;28.1
627;Juliana Baltar;15600000;3869457097.00;Entertainment;Juliana Baltar;2019.00;Brazil;BR;Entertainment;56218000;14100;224900;168700;2700000;100000;2010;May;9;51.3
697;melanie martinez;14900000;4395184343.00;Music;melanie martinez;127.00;United States;US;Music;56358000;14100;225400;169100;2700000;100000;2007;Nov;3;88.2
138;Mr Bean;32100000;10602236110.00;Shows;Mr Bean;3091.00;United Kingdom;GB;Comedy;56534000;14100;226100;169600;2700000;100000;2006;Jan;4;60
655;SRK MUSIC;15200000;6391679636.00;Music;SRK MUSIC;5056.00;India;IN;Music;57809000;14500;231200;173400;2800000;200000;2012;Mar;16;28.1
10;Vlad and Niki;98900000;77180169894.00;Entertainment;Vlad and Niki;574.00;United States;US;Entertainment;580574000;145100;2300000;1700000;27900000;600000;2018;Apr;23;88.2
267;James Charles;23900000;4067878931.00;Entertainment;James Charles;505.00;United States;US;Entertainment;58126000;14500;232500;174400;2800000;100000;2015;Dec;1;88.2
80;XXXTENTACION;39200000;10507474316.00;Music;XXXTENTACION;133.00;United States;US;Music;58362000;14600;233400;175100;2800000;100000;2015;Jun;23;88.2
231;Rans Entertainment;25400000;6430853035.00;People & Blogs;Rans Entertainment;3716.00;Indonesia;ID;Entertainment;58487000;14600;233900;175500;2800000;100000;2015;Dec;27;36.3
961;NDTV;12500000;4935793409.00;Entertainment;NDTV;151136.00;India;IN;News;58527000;14600;234100;175600;2800000;100000;2006;May;8;28.1
944;Morgz;12600000;3303595310.00;Gaming;Morgz;825.00;United Kingdom;GB;Entertainment;58838000;14700;235400;176500;2800000;100000;2014;Jun;10;60
424;FIFA;19400000;5529131886.00;Sports;FIFA;10728.00;Switzerland;CH;Sports;58863000;14700;235500;176600;2800000;100000;2006;Sep;6;59.6
557;NMF News;16600000;7435180827.00;News & Politics;NMF News;112261.00;India;IN;News;59201000;14800;236800;177600;2800000;100000;2013;Oct;22;28.1
945;CaseyNeistat;12600000;3152402405.00;People & Blogs;CaseyNeistat;1101.00;United States;US;People;5952000;1500;23800;17900;285700;100000;2010;Feb;15;88.2
21;HYBE LABELS;71300000;28634566938.00;Music;HYBE LABELS;1337.00;South Korea;KR;Music;598173000;149500;2400000;1800000;28700000;900000;2008;Jun;4;94.3
420;RKD Studios;19500000;5234251168.00;Entertainment;RKD Studios;847.00;India;IN;Entertainment;59841000;0;0;0;0;300000;2014;Mar;14;28.1
613;Camilo;15900000;6802382479.00;Music;Camilo;132.00;Colombia;CO;Music;59890000;15000;239600;179700;2900000;100000;2010;Jul;29;55.3
781;Zee Bangla;14200000;11428794827.00;Entertainment;Zee Bangla;132398.00;India;IN;Entertainment;59927000;15000;239700;179800;2900000;200000;2008;Feb;26;28.1
32;El Reino Infantil;58400000;57271630846.00;Music;El Reino Infantil;1510.00;Argentina;AR;Music;611828000;153000;2400000;1800000;29400000;600000;2011;Jun;2;90
126;Ch3Thailand;33500000;29611914495.00;Entertainment;Ch3Thailand;96214.00;Thailand;TH;Entertainment;61307000;0;0;0;0;100000;2014;May;29;49.3
408;Crafty Panda;19800000;5759442450.00;People & Blogs;Crafty Panda;760.00;United States;US;Entertainment;6137000;1500;24500;18400;294600;100000;2017;Dec;3;88.2
456;Dan-Sa / Daniel Saboya;18500000;2908120896.00;Music;Dan-Sa / Daniel Saboya;1329.00;Brazil;BR;Music;6148000000;0;0;0;0;100000;2007;Sep;22;51.3
560;Younes Zarou;16600000;15278668857.00;Entertainment;Younes Zarou;2200.00;Germany;DE;Entertainment;617257000;154300;2500000;1900000;29600000;900000;2021;May;6;70.2
897;RaptorGamer;13100000;2879263916.00;People & Blogs;RaptorGamer;1444.00;Ecuador;EC;Games;62909000;15700;251600;188700;3000000;300000;2016;Jul;16;44.9
399;Marvel Entertainment;20100000;5634695322.00;Entertainment;MarvelEntertainment;1.00;United States;US;Film;63;2;25;19;3;30;2011;May;10;88.2
88;One Direction;38200000;13598903820.00;Music;21 Savage;11.00;United States;US;Music;6348;2;25;19;305;100;2016;Jun;26;88.2
505;El Payaso Plim Plim;17700000;17247584185.00;Film & Animation;El Payaso Plim Plim;1316.00;Argentina;AR;Music;640030000;160000;2600000;1900000;30700000;600000;2013;Oct;18;90
610;Lyna;15900000;6534326412.00;Gaming;Lyna;4906.00;Argentina;AR;Games;64085000;16000;256300;192300;3100000;200000;2014;Sep;8;90
391;MiawAug;20200000;6098644584.00;Gaming;MiawAug;3713.00;Indonesia;ID;Games;64489000;16100;258000;193500;3100000;200000;2014;Mar;15;36.3
881;MC Divertida;13200000;5224764969.00;Entertainment;MC Divertida;413.00;Brazil;BR;Entertainment;64517000;16100;258100;193600;3100000;100000;2018;Jan;17;51.3
992;Free Fire India Official;12300000;1674409945.00;People & Blogs;Free Fire India Official;1500.00;India;IN;Games;64735000;16200;258900;194200;3100000;300000;2018;Sep;14;28.1
287;Happy Lives;23200000;2634.00;Science & Technology;Happy Lives;1.00;United States;US;Entertainment;6589000000;0;0;0;0;100000;2016;Mar;15;88.2
742;BBC News;14500000;4598387043.00;News & Politics;BBC News;18972.00;United Kingdom;GB;News;66273000;16600;265100;198800;3200000;100000;2006;Apr;8;60
45;JuegaGerman;48100000;14631710289.00;Gaming;JuegaGerman;2052.00;Chile;CL;Games;66388000;16600;265600;199200;3200000;200000;2013;May;19;88.5
68;Masha and The Bear;42400000;24519022988.00;Shows;Masha and The Bear;1218.00;United States;US;Film;670459000;167600;2700000;2000000;32200000;1000000;2014;Sep;17;88.2
802;Crescendo com Luluca;14000000;5094050461.00;Entertainment;Crescendo com Luluca;1307.00;Brazil;BR;People;68058000;17000;272200;204200;3300000;100000;2015;Aug;30;51.3
217;Smosh;26100000;10435474336.00;Comedy;Smosh;1619.00;United States;US;Comedy;68156000;17000;272600;204500;3300000;400000;2005;Nov;19;88.2
346;Infinite;21300000;5141834668.00;Entertainment;Infinite;1608.00;United States;US;Entertainment;68350000;17100;273400;205100;3300000;200000;2014;Aug;21;88.2
186;HUM TV;28300000;23844936965.00;Entertainment;HUM TV;106983.00;Pakistan;PK;Entertainment;684860000;171200;2700000;2100000;32900000;700000;2011;May;25;9
324;Topper Guild;21900000;15552070846.00;Comedy;Topper Guild;816.00;United States;US;Comedy;687028000;171800;2700000;2100000;33000000;1900000;2014;Jul;9;88.2
405;Green Gold TV - Official Channel;20000000;9715291883.00;Film & Animation;Green Gold TV - Official Channel;1476.00;India;IN;Entertainment;70278000;0;0;0;0;100000;2011;Jul;1;28.1
761;Indore Physical Academy;14400000;4156427797.00;People & Blogs;Indore Physical Academy;1838.00;India;IN;People;70409000;17600;281600;211200;3400000;200000;2014;Apr;19;28.1
873;BanderitaX;13300000;4129249415.00;Gaming;BanderitaX;1640.00;Saudi Arabia;SA;Games;70712000;17700;282800;212100;3400000;200000;2013;Aug;20;68
675;Chapitosiki;15100000;13897932103.00;Entertainment;Chapitosiki;2717.00;Russia;RU;Entertainment;713509000;178400;2900000;2100000;34200000;700000;2020;Jan;24;81.9
12;WWE;96000000;77428473662.00;Sports;WWE;70127.00;United States;US;Sports;714614000;178700;2900000;2100000;34300000;600000;2007;May;11;88.2
616;Arif muhammad;15800000;4122634467.00;People & Blogs;Arif muhammad;542.00;Indonesia;ID;Comedy;71870000;18000;287500;215600;3400000;100000;2017;Jan;18;36.3
537;Pop Chartbusters;16900000;8684010451.00;Music;Pop Chartbusters;2235.00;India;IN;Music;72911000;18200;291600;218700;3500000;200000;2011;Aug;26;28.1
345;Ishaan Ali 11;21300000;12761253839.00;People & Blogs;Ishaan Ali 11;951.00;India;IN;People;729409000;182400;2900000;2200000;35000000;1600000;2016;Jul;27;28.1
316;Smile Family;22300000;8663830163.00;People & Blogs;SMILE Family;34.00;France;FR;Music;735;18;3;2;35;10;2019;Nov;3;65.6
309;mmoshaya;22600000;17507060680.00;People & Blogs;mmoshaya;1189.00;Saudi Arabia;SA;Entertainment;73829000;18500;295300;221500;3500000;100000;2010;Dec;11;68
719;StudyIQ IAS;14700000;4029253667.00;Education;StudyIQ IAS;43564.00;India;IN;Education;74483000;18600;297900;223400;3600000;200000;2015;Jun;22;28.1
844;Lady Diana;13500000;8265920659.00;Entertainment;Lady Diana;1403.00;Ukraine;UA;People;75162000;18800;300600;225500;3600000;100000;2016;Mar;21;82.7
276;That Little Puff;23700000;20289689389.00;Pets & Animals;That Little Puff;769.00;United States;US;Animals;755054000;188800;3000000;2300000;36200000;1100000;2020;Aug;29;88.2
295;Tsuriki Show;23000000;31494513067.00;Entertainment;Tsuriki Show;2905.00;Germany;DE;Comedy;756717000;189200;3000000;2300000;36300000;800000;2019;Jul;10;70.2
920;EnriqueIglesiasVEVO;12900000;15446707595.00;Music;EnriqueIglesiasVEVO;137.00;United States;US;Music;75773000;18900;303100;227300;3600000;100000;2009;May;12;88.2
264;Spider Slack;24000000;13943030228.00;Comedy;Spider Slack;901.00;Brazil;BR;Comedy;761451000;190400;3000000;2300000;36500000;1100000;2020;May;18;51.3
534;Prajapati News;17000000;1001465469.00;Comedy;Prajapati News;1407.00;India;IN;Entertainment;7626000;1900;30500;22900;366100;100000;2013;Mar;14;28.1
933;Franco Escamilla;12700000;4266957149.00;Comedy;Franco Escamilla;2483.00;Mexico;MX;Comedy;77482000;19400;309900;232400;3700000;100000;2007;Oct;19;40.2
598;FitDance;16100000;7126210721.00;Music;Fitdance Academy;41.00;France;FR;Entertainment;780;2;3;2;37;4;2006;Nov;20;65.6
444;Sidemen;18800000;5257834105.00;Entertainment;Sidemen;312.00;United Kingdom;GB;Entertainment;78158000;19500;312600;234500;3800000;100000;2015;Jun;14;60
820;Kids TV India Hindi Nursery Rhymes;13800000;6646953396.00;Shows;Kids TV India Hindi Nursery Rhymes;1505.00;India;IN;Education;78651000;19700;314600;236000;3800000;100000;2014;Nov;17;28.1
198;DanTDM;27400000;19417887510.00;Gaming;DanTDM;3664.00;United Kingdom;GB;Games;78668000;19700;314700;236000;3800000;500000;2012;Jul;14;60
79;CarryMinati;39200000;3294013141.00;Comedy;CarryMinati;186.00;India;IN;Comedy;78688000;19700;314800;236100;3800000;700000;2014;Oct;30;28.1
722;Netflix Jr.;14700000;8882319696.00;Education;Netflix Jr.;1996.00;United States;US;Education;79402000;19900;317600;238200;3800000;100000;2012;Jan;28;88.2
142;GMA  Network;31900000;19428308461.00;Entertainment;GMA  Network;93311.00;Philippines;PH;Entertainment;798510000;199600;3200000;2400000;38300000;500000;2006;Nov;20;35.5
355;Lyrical Lemonade;21000000;10631638628.00;Entertainment;Lyrical Lemonade;420.00;United States;US;Entertainment;80062000;20000;320200;240200;3800000;100000;2013;Mar;25;88.2
640;FFUNTV;15400000;11513738907.00;Gaming;FFUNTV;379.00;United Arab Emirates;AE;Entertainment;80172000;20000;320700;240500;3800000;200000;2018;Jul;18;36.8
11;Zee Music Company;96700000;57856289381.00;Music;Zee Music Company;8548.00;India;IN;Music;803613000;200900;3200000;2400000;38600000;1100000;2014;Mar;12;28.1
87;Goldmines Gaane Sune Ansune;38300000;16718192386.00;Music;Goldmines Gaane Sune Ansune;3532.00;India;IN;Music;814756000;203700;3300000;2400000;39100000;400000;2015;Aug;24;28.1
232;LankyBox;25400000;34300482066.00;Comedy;LankyBox;8775.00;United States;US;Games;815341000;203800;3300000;2400000;39100000;600000;2016;Jul;30;88.2
41;Infobells - Hindi;53300000;30516172739.00;Education;Infobells - Hindi;577.00;India;IN;Education;815949000;204000;3300000;2400000;39200000;1600000;2014;Jun;6;28.1
308;The Chainsmokers;22600000;14231943358.00;Music;The Chainsmokers;180.00;United States;US;Music;81660000;20400;326600;245000;3900000;100000;2012;Sep;22;88.2
644;Genierock;15400000;14564170905.00;Music;Genierock;1725.00;Thailand;TH;Music;82798000;20700;331200;248400;4000000;100000;2008;Mar;9;49.3
205;Renato Garcia YT;26900000;7938616641.00;Entertainment;Renato Garcia YT;3956.00;Brazil;BR;Entertainment;82912000;20700;331600;248700;4000000;200000;2011;Sep;29;51.3
528;El Reino a Jugar;17200000;11445492404.00;Education;El Reino a Jugar;1007.00;Argentina;AR;Education;83709000;20900;334800;251100;4000000;100000;2015;Mar;3;90
815;Hacksmith Industries;13800000;1820559912.00;Science & Technology;Hacksmith Industries;887.00;Canada;CA;Tech;83943000;21000;335800;251800;4000000;100000;2006;Apr;20;68.9
490;Like Nastya VNM;17900000;9867515979.00;Entertainment;Like Nastya VNM;602.00;Vietnam;VN;Entertainment;84467000;21100;337900;253400;4100000;100000;2019;Nov;22;28.5
676;AdeleVEVO;15100000;12413869881.00;Music;AdeleVEVO;52.00;United Kingdom;GB;Music;84750000;21200;339000;254300;4100000;100000;2009;Oct;15;60
647;FC Barcelona;15300000;2656528205.00;Sports;FC Barcelona;10988.00;Spain;ES;Sports;84867000;21200;339500;254600;4100000;200000;2006;Feb;6;88.9
370;Deddy Corbuzier;20600000;4956090094.00;Entertainment;deddycorbuzier;15.00;Indonesia;ID;Entertainment;85;2;34;26;4;1;2007;Jul;23;36.3
622;Zee Music Classic;15700000;5558051295.00;Music;Zee Music Classic;1640.00;India;IN;Music;86450000;21600;345800;259300;4100000;100000;2014;May;20;28.1
382;Got Talent Global;20300000;2441288701.00;Entertainment;Got Talent Global;1245.00;United Kingdom;GB;Entertainment;86457000;21600;345800;259400;4100000;100000;2013;Jan;31;60
485;David Dobrik;17900000;7176572299.00;People & Blogs;David Dobrik;536.00;United States;US;People;8650000;2200;34600;26000;415200;100000;2014;Dec;19;88.2
365;Yoeslan;20700000;17963202261.00;Entertainment;Yoeslan;619.00;United States;US;Entertainment;874796000;218700;3500000;2600000;42000000;1000000;2020;Sep;26;88.2
804;karameeshchannel;13900000;9106781518.00;Entertainment;karameeshchannel;2254.00;Jordan;JO;Music;87639000;21900;350600;262900;4200000;100000;2012;Jan;18;34.4
569;Ch7HD;16400000;9463244435.00;Entertainment;Ch7HD;56203.00;Thailand;TH;Entertainment;87757000;21900;351000;263300;4200000;100000;2010;May;17;49.3
626;Linus Tech Tips;15600000;7172386509.00;Science & Technology;Linus Tech Tips;6542.00;Canada;CA;Tech;88224000;22100;352900;264700;4200000;100000;2008;Nov;25;68.9
250;Mark Rober;24600000;3647987299.00;Science & Technology;Mark Rober;120.00;United States;US;Tech;88625000;22200;354500;265900;4300000;200000;2011;Oct;20;88.2
249;KatyPerryVEVO;24600000;23755792542.00;Music;KatyPerryVEVO;175.00;United States;US;Music;88940000;22200;355800;266800;4300000;100000;2009;Dec;13;88.2
559;Lahari Music - TSeries;16600000;11946217860.00;Music;Lahari Music - TSeries;8976.00;India;IN;Music;89012000;22300;356000;267000;4300000;100000;2011;Nov;21;28.1
971;_vector_;12400000;7597013023.00;Comedy;_vector_;398.00;United States;US;Comedy;903672000;225900;3600000;2700000;43400000;1200000;2019;Mar;24;88.2
195;Wiz Khalifa;27500000;13379395501.00;Music;Wiz Khalifa;682.00;United States;US;Music;90450000;22600;361800;271300;4300000;100000;2008;May;9;88.2
379;Vijay Television;20400000;29406206620.00;Entertainment;Vijay Television;51515.00;India;IN;Entertainment;907534000;226900;3600000;2700000;43600000;400000;2007;Feb;1;28.1
631;Katakit Baby TV;15500000;6386271870.00;Music;Katakit Baby TV;220.00;Saudi Arabia;SA;Music;90914000;22700;363700;272700;4400000;200000;2010;Jul;26;68
917;Akon;12900000;6300933122.00;Music;Akon;39.00;United States;US;Music;91240000;22800;365000;273700;4400000;100000;2005;Nov;5;88.2
728;Jesser;14600000;3603556207.00;Gaming;Jesser;1244.00;United States;US;Entertainment;92594000;23100;370400;277800;4400000;400000;2012;Jul;9;88.2
298;White Hill Music;23000000;10939966484.00;Entertainment;White Hill Music;5718.00;India;IN;Music;93183000;23300;372700;279500;4500000;100000;2014;Mar;23;28.1
533;Queen Official;17000000;10847948832.00;Music;Queen Official;1015.00;United Kingdom;GB;Music;93768000;23400;375100;281300;4500000;100000;2008;Jul;7;60
51;A4;46300000;22936630813.00;Gaming;aefour;1.00;Cuba;CU;People;94;2;38;28;5;10;2006;Mar;11;41.4
254;Pen Movies;24300000;6608773195.00;Film & Animation;Pen Movies;1667.00;India;IN;Film;94853000;23700;379400;284600;4600000;300000;2014;Mar;25;28.1
981;Zee Kids;12400000;7683670251.00;Film & Animation;Zee Kids;1212.00;India;IN;Entertainment;95163000;23800;380700;285500;4600000;100000;2012;Jul;6;28.1
671;EdisonPts;15100000;6668507856.00;Gaming;EdisonPts;3733.00;Russia;RU;Games;95603000;23900;382400;286800;4600000;100000;2013;Jun;24;81.9
810;Atlantic Records;13900000;12513842343.00;Music;Atlantic Records;1660.00;United States;US;Music;97284000;24300;389100;291900;4700000;100000;2006;Dec;15;88.2
447;Farruko;18800000;9573641299.00;Music;Farruko;217.00;United States;US;Music;97758000;24400;391000;293300;4700000;100000;2009;Oct;30;88.2
271;Troom Troom;23800000;10414479943.00;Howto & Style;Troom Troom;2425.00;United States;US;Howto;98052000;24500;392200;294200;4700000;100000;2015;Sep;12;88.2
306;Sun TV;22600000;20847038152.00;People & Blogs;Sun TV;60964.00;India;IN;Entertainment;982238000;245600;3900000;2900000;47100000;600000;2016;Feb;26;28.1
653;The MriDul;15200000;4503880875.00;Comedy;The MriDul;106.00;India;IN;Comedy;98329000;24600;393300;295000;4700000;200000;2015;Mar;14;28.1
73;Little Baby Bum - Nursery Rhymes & Kids Songs;40900000;39450824833.00;Education;Little Baby Bum - Nursery Rhymes & Kids Songs;2423.00;United States;US;Education;98775000;24700;395100;296300;4700000;100000;2011;Jun;22;88.2
814;Airrack;13800000;2224911030.00;Entertainment;Airrack;173.00;United States;US;Entertainment;99654000;24900;398600;299000;4800000;300000;2015;Jan;3;88.2
211;Goldmines Bollywood;26400000;8595760553.00;Film & Animation;Goldmines Bollywood;3622.00;India;IN;Film;99677000;24900;398700;299000;4800000;400000;2015;Jul;22;28.1
;;;;;;;;;;;;;;;;;;;
;;;;;;;;;;;;;;;;;;;
;;;;;;;;;;;;;;;;;;;
;;;;;;;;;;;;;;;;;;;
;;;;;;;;;;;;;;;;;;;
;;;;;;;;;;;;;;;;;;;
;;;;;;;;;;;;;;;;;;;
;;;;;;;;;;;;;;;;;;;
;;;;;;;;;;;;;;;;;;;
;;;;;;;;;;;;;;;;;;;
;;;;;;;;;;;;;;;;;;;
;;;;;;;;;;;;;;;;;;;
;;;;;;;;;;;;;;;;;;;
;;;;;;;;;;;;;;;;;;;
;;;;;;;;;;;;;;;;;;;
;;;;;;;;;;;;;;;;;;;
;;;;;;;;;;;;;;;;;;;
;;;;;;;;;;;;;;;;;;;
;;;;;;;;;;;;;;;;;;;
;;;;;;;;;;;;;;;;;;;
;;;;;;;;;;;;;;;;;;;
;;;;;;;;;;;;;;;;;;;
;;;;;;;;;;;;;;;;;;;
;;;;;;;;;;;;;;;;;;;
;;;;;;;;;;;;;;;;;;;
;;;;;;;;;;;;;;;;;;;
;;;;;;;;;;;;;;;;;;;
;;;;;;;;;;;;;;;;;;;
;;;;;;;;;;;;;;;;;;;
;;;;;;;;;;;;;;;;;;;
;;;;;;;;;;;;;;;;;;;
;;;;;;;;;;;;;;;;;;;
;;;;;;;;;;;;;;;;;;;
;;;;;;;;;;;;;;;;;;;
;;;;;;;;;;;;;;;;;;;
;;;;;;;;;;;;;;;;;;;
;;;;;;;;;;;;;;;;;;;
;;;;;;;;;;;;;;;;;;;
;;;;;;;;;;;;;;;;;;;
;;;;;;;;;;;;;;;;;;;
;;;;;;;;;;;;;;;;;;;
;;;;;;;;;;;;;;;;;;;
;;;;;;;;;;;;;;;;;;;
;;;;;;;;;;;;;;;;;;;
;;;;;;;;;;;;;;;;;;;
;;;;;;;;;;;;;;;;;;;
;;;;;;;;;;;;;;;;;;;
;;;;;;;;;;;;;;;;;;;
;;;;;;;;;;;;;;;;;;;
;;;;;;;;;;;;;;;;;;;
;;;;;;;;;;;;;;;;;;;
;;;;;;;;;;;;;;;;;;;
;;;;;;;;;;;;;;;;;;;
;;;;;;;;;;;;;;;;;;;
;;;;;;;;;;;;;;;;;;;
;;;;;;;;;;;;;;;;;;;
;;;;;;;;;;;;;;;;;;;
;;;;;;;;;;;;;;;;;;;
;;;;;;;;;;;;;;;;;;;
;;;;;;;;;;;;;;;;;;;
;;;;;;;;;;;;;;;;;;;
;;;;;;;;;;;;;;;;;;;
;;;;;;;;;;;;;;;;;;;
;;;;;;;;;;;;;;;;;;;
;;;;;;;;;;;;;;;;;;;
;;;;;;;;;;;;;;;;;;;
;;;;;;;;;;;;;;;;;;;
;;;;;;;;;;;;;;;;;;;
;;;;;;;;;;;;;;;;;;;
;;;;;;;;;;;;;;;;;;;
;;;;;;;;;;;;;;;;;;;
;;;;;;;;;;;;;;;;;;;
;;;;;;;;;;;;;;;;;;;
;;;;;;;;;;;;;;;;;;;
;;;;;;;;;;;;;;;;;;;
;;;;;;;;;;;;;;;;;;;
;;;;;;;;;;;;;;;;;;;
;;;;;;;;;;;;;;;;;;;
;;;;;;;;;;;;;;;;;;;
;;;;;;;;;;;;;;;;;;;
;;;;;;;;;;;;;;;;;;;
;;;;;;;;;;;;;;;;;;;
;;;;;;;;;;;;;;;;;;;
;;;;;;;;;;;;;;;;;;;
;;;;;;;;;;;;;;;;;;;
;;;;;;;;;;;;;;;;;;;
;;;;;;;;;;;;;;;;;;;
;;;;;;;;;;;;;;;;;;;
;;;;;;;;;;;;;;;;;;;
;;;;;;;;;;;;;;;;;;;
;;;;;;;;;;;;;;;;;;;
;;;;;;;;;;;;;;;;;;;
;;;;;;;;;;;;;;;;;;;
;;;;;;;;;;;;;;;;;;;
;;;;;;;;;;;;;;;;;;;
;;;;;;;;;;;;;;;;;;;
;;;;;;;;;;;;;;;;;;;
;;;;;;;;;;;;;;;;;;;
;;;;;;;;;;;;;;;;;;;
;;;;;;;;;;;;;;;;;;;
;;;;;;;;;;;;;;;;;;;
;;;;;;;;;;;;;;;;;;;
;;;;;;;;;;;;;;;;;;;
;;;;;;;;;;;;;;;;;;;
;;;;;;;;;;;;;;;;;;;
;;;;;;;;;;;;;;;;;;;
;;;;;;;;;;;;;;;;;;;
;;;;;;;;;;;;;;;;;;;
;;;;;;;;;;;;;;;;;;;
;;;;;;;;;;;;;;;;;;;
;;;;;;;;;;;;;;;;;;;
;;;;;;;;;;;;;;;;;;;
;;;;;;;;;;;;;;;;;;;
;;;;;;;;;;;;;;;;;;;
;;;;;;;;;;;;;;;;;;;
;;;;;;;;;;;;;;;;;;;
;;;;;;;;;;;;;;;;;;;
;;;;;;;;;;;;;;;;;;;
;;;;;;;;;;;;;;;;;;;
;;;;;;;;;;;;;;;;;;;
